{"grad_norm":0.9777036309242249,"_timestamp":1.7767689055273535e+09,"grad_hist":{"_type":"histogram","values":[1,0,0,0,0,0,0,0,0,0,0,0,1,0,2,0,3,1,1,3,3,5,6,5,10,11,18,13,10,17,17,19,25,34,44,48,103,206,771,4149,25946,498848,130724,6905,926,350,225,126,66,35,16,7,2,0,2,0,0,1,0,0,0,0,0,1],"bins":[-0.08801141381263733,-0.08591392636299133,-0.08381644636392593,-0.08171896636486053,-0.07962147891521454,-0.07752399146556854,-0.07542651146650314,-0.07332903146743774,-0.07123154401779175,-0.06913405656814575,-0.06703657656908035,-0.06493909657001495,-0.06284160912036896,-0.06074412539601326,-0.05864664167165756,-0.056549157947301865,-0.05445167422294617,-0.05235419049859047,-0.05025670677423477,-0.048159223049879074,-0.046061739325523376,-0.04396425560116768,-0.04186677187681198,-0.039769288152456284,-0.037671804428100586,-0.03557432070374489,-0.03347683697938919,-0.03137935325503349,-0.029281869530677795,-0.027184385806322098,-0.0250869020819664,-0.022989422082901,-0.020891934633255005,-0.01879444718360901,-0.01669696718454361,-0.01459948718547821,-0.012501999735832214,-0.010404512286186218,-0.008307032287120819,-0.00620955228805542,-0.004112064838409424,-0.0020145773887634277,8.290261030197144e-05,0.0021803826093673706,0.004277870059013367,0.006375357508659363,0.008472837507724762,0.010570317506790161,0.012667804956436157,0.014765292406082153,0.016862772405147552,0.01896025240421295,0.021057739853858948,0.023155227303504944,0.025252707302570343,0.027350187301635742,0.02944767475128174,0.031545162200927734,0.033642642199993134,0.03574012219905853,0.03783760964870453,0.039935097098350525,0.04203256964683533,0.04413005709648132,0.04622754082083702]},"_wandb":{"runtime":27},"_runtime":27.762311404,"_step":4600}