{"grad_norm":0.9723484516143799,"grad_p90":0.000480631657410413,"grad_max":0.048523444682359695,"_runtime":32.580331573,"grad_sparsity":0.319889634847641,"grad_std":0.0011764827650040388,"_step":4600,"_wandb":{"runtime":32},"_timestamp":1.776861141492539e+09,"grad":{"bins":[-0.09389547258615494,-0.09167017787694931,-0.08944488316774368,-0.08721958845853806,-0.08499428629875183,-0.0827689915895462,-0.08054369688034058,-0.07831840217113495,-0.07609310746192932,-0.0738678127527237,-0.07164251804351807,-0.06941722333431244,-0.06719192862510681,-0.06496663391590118,-0.06274133175611496,-0.06051603704690933,-0.058290742337703705,-0.05606544762849808,-0.05384015291929245,-0.051614854484796524,-0.0493895597755909,-0.04716426506638527,-0.04493896663188934,-0.042713671922683716,-0.04048837721347809,-0.03826308250427246,-0.036037787795066833,-0.03381248936057091,-0.03158719465136528,-0.029361896216869354,-0.027136601507663727,-0.0249113067984581,-0.022686012089252472,-0.020460717380046844,-0.018235422670841217,-0.01601012796163559,-0.013784833252429962,-0.011559531092643738,-0.00933423638343811,-0.007108941674232483,-0.0048836469650268555,-0.002658352255821228,-0.0004330575466156006,0.0017922371625900269,0.004017539322376251,0.006242834031581879,0.008468128740787506,0.010693423449993134,0.012918718159198761,0.015144012868404388,0.017369307577610016,0.019594602286815643,0.02181989699602127,0.024045199155807495,0.026270493865013123,0.02849578857421875,0.030721083283424377,0.0329463854432106,0.03517168015241623,0.03739697486162186,0.039622269570827484,0.04184756428003311,0.04407285898923874,0.046298153698444366,0.048523444682359695],"_type":"histogram","values":[1,0,0,0,0,0,0,0,1,0,0,0,0,1,2,2,0,1,2,3,7,3,3,6,6,9,7,10,6,11,10,18,24,26,40,55,87,132,400,2193,14217,113220,526153,10905,1217,461,221,137,53,35,12,3,0,2,2,1,0,0,0,0,0,0,0,1]},"grad_p99":0.002480144612491131,"grad_min":-0.09389547258615494,"grad_mean":-0.00016627222066745162}