{"activation/linear_relu_stack.1/activation_mean":0.14188413321971893,"grad/global_p99":0.0023282405454665422,"_timestamp":1.7773816598383088e+09,"activation/linear_relu_stack.3/activation_sparsity":0.352081298828125,"loss/main":1.6580369472503662,"activation/linear_relu_stack.1/activation_hist":{"values":[13647,1489,1445,1411,1400,1277,1240,1178,1037,959,905,794,710,645,594,480,480,383,356,313,259,281,214,176,167,148,126,96,81,80,54,47,47,32,31,30,25,11,21,18,11,8,9,6,9,4,5,3,2,4,1,2,2,2,1,3,0,0,1,1,1,2,1,3],"bins":[0,0.02416667900979519,0.04833335801959038,0.07250003516674042,0.09666671603918076,0.1208333969116211,0.14500007033348083,0.16916675865650177,0.1933334320783615,0.21750010550022125,0.2416667938232422,0.26583346724510193,0.29000014066696167,0.3141668140888214,0.33833351731300354,0.3625001907348633,0.386666864156723,0.41083353757858276,0.4350002110004425,0.45916691422462463,0.4833335876464844,0.5075002312660217,0.5316669344902039,0.555833637714386,0.5800002813339233,0.6041669845581055,0.6283336281776428,0.652500331401825,0.6766670346260071,0.7008336782455444,0.7250003814697266,0.7491670250892639,0.773333728313446,0.7975004315376282,0.8216670751571655,0.8458337783813477,0.870000422000885,0.8941671252250671,0.9183338284492493,0.9425004720687866,0.9666671752929688,0.9908338189125061,1.0150004625320435,1.0391671657562256,1.0633338689804077,1.0875005722045898,1.111667275428772,1.1358338594436646,1.1600005626678467,1.1841672658920288,1.208333969116211,1.232500672340393,1.2566672563552856,1.2808339595794678,1.30500066280365,1.329167366027832,1.3533340692520142,1.3775006532669067,1.4016673564910889,1.425834059715271,1.4500007629394531,1.4741674661636353,1.4983340501785278,1.52250075340271,1.546667456626892],"_type":"histogram"},"_runtime":50.926782162,"activation/linear_relu_stack.3/activation_mean":0.10550869256258011,"activation/linear_relu_stack.3/activation_p90":0.2841358780860901,"activation/linear_relu_stack.1/activation_max":1.546667456626892,"activation/linear_relu_stack.3/activation_p99":0.4973491430282593,"activation/linear_relu_stack.3/activation_std":0.12513615190982819,"activation/linear_relu_stack.1/activation_sparsity":0.3731689453125,"activation/linear_relu_stack.3/activation_max":1.0391870737075806,"activation/linear_relu_stack.3/activation_min":0,"activation/linear_relu_stack.1/activation_std":0.1836017370223999,"grad/global_p90":0.0004524655523709953,"grad/global_sparsity":0.3136928677558899,"grad_norm/global":0.9527726769447327,"grad/global_max":0.043862003833055496,"activation/linear_relu_stack.1/activation_p99":0.7542844414710999,"grad/global_mean":-0.00017180114809889346,"_step":4689,"activation/linear_relu_stack.1/activation_p90":0.4000222682952881,"activation/linear_relu_stack.1/activation_min":0,"activation/linear_relu_stack.3/activation_hist":{"bins":[0,0.016237298026680946,0.03247459605336189,0.04871189594268799,0.06494919210672379,0.08118648827075958,0.09742379188537598,0.11366108804941177,0.12989838421344757,0.14613568782806396,0.16237297654151917,0.17861028015613556,0.19484758377075195,0.21108487248420715,0.22732217609882355,0.24355946481227875,0.25979676842689514,0.27603405714035034,0.29227137565612793,0.30850866436958313,0.32474595308303833,0.3409832715988159,0.3572205603122711,0.3734578490257263,0.3896951675415039,0.4059324562549591,0.4221697449684143,0.4384070336818695,0.4546443521976471,0.4708816409111023,0.4871189296245575,0.5033562183380127,0.5195935368537903,0.5358308553695679,0.5520681142807007,0.5683054327964783,0.5845427513122559,0.6007800102233887,0.6170173287391663,0.6332546472549438,0.6494919061660767,0.6657292246818542,0.6819665431976318,0.6982038021087646,0.7144411206245422,0.7306784391403198,0.7469156980514526,0.7631530165672302,0.7793903350830078,0.7956275939941406,0.8118649125099182,0.828102171421051,0.8443394899368286,0.8605768084526062,0.876814067363739,0.8930513858795166,0.9092887043952942,0.925525963306427,0.9417632818222046,0.9580006003379822,0.974237859249115,0.9904751777648926,1.0067124366760254,1.0229498147964478,1.0391870737075806],"_type":"histogram","values":[12772,1252,1297,1276,1291,1231,1181,1197,1098,1067,1035,940,866,771,696,680,592,491,428,416,371,288,246,211,175,137,134,104,84,76,54,56,37,37,35,28,22,13,15,9,8,10,3,9,3,1,4,2,3,2,3,2,1,0,1,1,2,1,0,1,1,0,0,1]},"grad/global_std":0.0011515079531818628,"grad/global_min":-0.09090067446231842,"grad/global_hist":{"values":[1,0,0,0,0,0,0,0,0,0,0,1,1,0,0,1,0,0,2,3,5,3,5,4,8,10,9,8,7,9,11,17,21,24,31,32,47,90,166,578,3110,16357,118401,518598,10167,1111,396,212,143,63,33,10,5,2,0,1,0,1,1,0,0,0,0,1],"bins":[-0.09090067446231842,-0.088795006275177,-0.08668933808803558,-0.08458367735147476,-0.08247800916433334,-0.08037234097719193,-0.0782666727900505,-0.07616100460290909,-0.07405534386634827,-0.07194967567920685,-0.06984400749206543,-0.06773833930492401,-0.06563267111778259,-0.06352700293064117,-0.061421338468790054,-0.059315674006938934,-0.057210005819797516,-0.0551043376326561,-0.05299867317080498,-0.05089300498366356,-0.04878734052181244,-0.04668167233467102,-0.0445760041475296,-0.04247033968567848,-0.040364671498537064,-0.038259003311395645,-0.036153338849544525,-0.03404767066240311,-0.03194200247526169,-0.029836338013410568,-0.027730673551559448,-0.02562500536441803,-0.02351933717727661,-0.021413668990135193,-0.019308000802993774,-0.017202340066432953,-0.015096671879291534,-0.012991003692150116,-0.010885335505008698,-0.008779667317867279,-0.0066740065813064575,-0.004568338394165039,-0.0024626702070236206,-0.00035700201988220215,0.0017486661672592163,0.0038543343544006348,0.005959995090961456,0.008065663278102875,0.010171331465244293,0.012276999652385712,0.01438266783952713,0.01648832857608795,0.01859399676322937,0.02069966495037079,0.022805333137512207,0.024911001324653625,0.027016669511795044,0.029122330248355865,0.031227998435497284,0.0333336666226387,0.035439327359199524,0.03754499554634094,0.03965066373348236,0.04175633192062378,0.043862003833055496],"_type":"histogram"},"_wandb":{"runtime":50}}