{"activation/linear_relu_stack.3/activation_max":1.2775317430496216,"activation/linear_relu_stack.1/activation_std":0.1838933825492859,"grad/global_min":-0.09464575350284576,"activation/linear_relu_stack.1/activation_p99":0.7544388175010681,"activation/linear_relu_stack.3/activation_mean":0.11022113263607025,"activation/linear_relu_stack.3/activation_sparsity":0.33502197265625,"activation/linear_relu_stack.1/activation":{"bins":[0,0.02378709241747856,0.04757418483495712,0.07136127352714539,0.09514836966991425,0.1189354658126831,0.14272254705429077,0.16650964319705963,0.1902967393398285,0.21408383548259735,0.2378709316253662,0.2616580128669739,0.28544509410858154,0.3092322051525116,0.33301928639411926,0.3568063974380493,0.380593478679657,0.40438055992126465,0.4281676709651947,0.45195475220680237,0.4757418632507324,0.4995289444923401,0.5233160257339478,0.5471031069755554,0.5708901882171631,0.5946773290634155,0.6184644103050232,0.6422514915466309,0.6660385727882385,0.6898256540298462,0.7136127948760986,0.7373998761177063,0.761186957359314,0.7849740386009216,0.8087611198425293,0.8325482606887817,0.8563353419303894,0.8801224231719971,0.9039095044136047,0.9276965856552124,0.9514837265014648,0.9752708077430725,0.9990578889846802,1.0228450298309326,1.0466320514678955,1.070419192314148,1.0942062139511108,1.1179933547973633,1.1417803764343262,1.1655675172805786,1.189354658126831,1.213141679763794,1.2369288206100464,1.2607158422470093,1.2845029830932617,1.3082901239395142,1.332077145576477,1.3558642864227295,1.3796513080596924,1.4034384489059448,1.4272255897521973,1.4510126113891602,1.4747997522354126,1.4985867738723755,1.522373914718628],"_type":"histogram","values":[12889,1445,1497,1363,1297,1272,1240,1141,1094,1023,922,885,838,764,644,570,539,437,406,326,314,277,234,208,182,142,112,110,86,80,59,67,43,37,38,36,23,20,15,16,14,6,10,5,5,3,9,3,3,5,3,2,1,3,1,2,0,0,0,1,0,0,0,1]},"activation/linear_relu_stack.3/activation_min":0,"_timestamp":1.7773803721413088e+09,"activation/linear_relu_stack.1/activation_p90":0.40793731808662415,"activation/linear_relu_stack.3/activation_std":0.13169139623641968,"loss/main":1.6295835971832275,"activation/linear_relu_stack.1/activation_min":0,"grad/global_p99":0.0023573858197778463,"activation/linear_relu_stack.3/activation":{"values":[12545,1617,1565,1637,1611,1503,1435,1390,1274,1159,1053,919,772,667,572,493,444,354,304,257,208,175,133,119,98,85,51,50,45,38,25,28,18,20,17,16,9,8,3,9,2,4,5,6,3,3,4,0,2,2,2,1,2,0,1,0,1,0,0,2,0,1,0,1],"bins":[0,0.019961433485150337,0.039922866970300674,0.05988430231809616,0.07984573394060135,0.09980716556310654,0.11976860463619232,0.1397300362586975,0.1596914678812027,0.17965289950370789,0.19961433112621307,0.21957576274871826,0.23953720927238464,0.25949862599372864,0.279460072517395,0.299421489238739,0.3193829357624054,0.3393443822860718,0.35930579900741577,0.37926724553108215,0.39922866225242615,0.41919010877609253,0.4391515254974365,0.4591129720211029,0.4790744185447693,0.4990358352661133,0.5189972519874573,0.538958728313446,0.55892014503479,0.578881561756134,0.598842978477478,0.6188044548034668,0.6387658715248108,0.6587272882461548,0.6786887645721436,0.6986501812934875,0.7186115980148315,0.7385730147361755,0.7585344910621643,0.7784959077835083,0.7984573245048523,0.8184188008308411,0.8383802175521851,0.858341634273529,0.878303050994873,0.8982645273208618,0.9182259440422058,0.9381873607635498,0.9581488370895386,0.9781102538108826,0.9980716705322266,1.0180331468582153,1.0379945039749146,1.0579559803009033,1.077917456626892,1.0978788137435913,1.11784029006958,1.1378017663955688,1.157763123512268,1.1777245998382568,1.197685956954956,1.2176474332809448,1.2376089096069336,1.2575702667236328,1.2775317430496216],"_type":"histogram"},"grad/global_mean":-0.0001676180399954319,"activation/linear_relu_stack.3/activation_p90":0.29067856073379517,"_wandb":{"runtime":52},"grad/global":{"values":[1,0,0,0,0,0,0,0,0,0,0,0,0,0,2,0,3,0,1,2,4,1,7,7,2,6,8,4,14,24,19,24,18,21,38,51,66,122,378,1707,11124,88601,552592,12781,1210,381,237,125,66,32,13,8,2,1,0,1,1,0,0,0,0,0,0,1],"bins":[-0.09464575350284576,-0.09240777045488358,-0.09016978740692139,-0.0879318118095398,-0.0856938287615776,-0.08345584571361542,-0.08121786266565323,-0.07897987961769104,-0.07674190402030945,-0.07450392097234726,-0.07226593792438507,-0.07002795487642288,-0.0677899718284607,-0.0655519962310791,-0.06331400573253632,-0.061076030135154724,-0.058838047087192535,-0.05660006403923035,-0.054362084716558456,-0.05212410166859627,-0.04988612234592438,-0.04764813929796219,-0.04541015625,-0.04317217692732811,-0.04093419387936592,-0.03869621083140373,-0.03645823150873184,-0.03422024846076965,-0.031982265412807465,-0.029744282364845276,-0.027506306767463684,-0.025268323719501495,-0.023030340671539307,-0.020792357623577118,-0.01855437457561493,-0.016316398978233337,-0.014078415930271149,-0.01184043288230896,-0.009602449834346771,-0.0073644667863845825,-0.005126491189002991,-0.002888508141040802,-0.0006505250930786133,0.0015874579548835754,0.003825441002845764,0.006063424050807953,0.008301399648189545,0.010539382696151733,0.012777365744113922,0.01501534879207611,0.0172533318400383,0.01949130743741989,0.02172929048538208,0.02396727353334427,0.026205256581306458,0.028443239629268646,0.030681222677230835,0.03291919827461243,0.03515718877315521,0.037395164370536804,0.039633139967918396,0.04187113046646118,0.04410910606384277,0.04634709656238556,0.04858506843447685],"_type":"histogram"},"_runtime":52.747874931,"grad/global_max":0.04858506843447685,"grad/global_p90":0.0004640767874661833,"activation/linear_relu_stack.1/activation_mean":0.14934708178043365,"grad_norm/global":0.9531456828117371,"grad/global_sparsity":0.31648513674736023,"activation/linear_relu_stack.1/activation_max":1.522373914718628,"grad/global_std":0.0011525849113240838,"_step":4689,"activation/linear_relu_stack.3/activation_p99":0.5389419794082642,"activation/linear_relu_stack.1/activation_sparsity":0.35345458984375}