{"_timestamp":1.7767689305980515e+09,"_step":0,"_wandb":{"runtime":0},"_runtime":0.193352111,"grad_norm":0.36730867624282837}