{"grad_norm":0.45332059264183044,"grad_hist":{"values":[1,0,0,0,0,0,0,0,0,0,0,0,0,0,0,0,0,0,0,0,0,0,0,0,0,0,0,0,0,0,1,3,1,7,10,18,24,45,120,465,53377,614423,975,178,47,7,0,0,1,0,0,0,0,0,0,0,0,0,1,0,1,0,0,1],"bins":[-0.11789907515048981,-0.11503665149211884,-0.11217422783374786,-0.10931180417537689,-0.10644937306642532,-0.10358694940805435,-0.10072452574968338,-0.09786210209131241,-0.09499967098236084,-0.09213724732398987,-0.0892748236656189,-0.08641240000724792,-0.08354997634887695,-0.08068755269050598,-0.07782512903213501,-0.07496269792318344,-0.07210027426481247,-0.0692378506064415,-0.06637541949748993,-0.06351299583911896,-0.060650572180747986,-0.057788148522377014,-0.05492572486400604,-0.05206330120563507,-0.0492008775472641,-0.04633844643831253,-0.04347602277994156,-0.04061359912157059,-0.037751175463199615,-0.034888751804828644,-0.032026320695877075,-0.029163897037506104,-0.026301473379135132,-0.02343904972076416,-0.02057662606239319,-0.01771419495344162,-0.014851771295070648,-0.011989347636699677,-0.009126923978328705,-0.006264500319957733,-0.0034020692110061646,-0.0005396455526351929,0.002322778105735779,0.0051852017641067505,0.008047625422477722,0.010910049080848694,0.013772472739219666,0.016634896397590637,0.01949732005596161,0.022359758615493774,0.025222182273864746,0.028084605932235718,0.03094702959060669,0.03380945324897766,0.03667187690734863,0.039534300565719604,0.042396724224090576,0.04525914788246155,0.04812157154083252,0.050984010100364685,0.05384643375873566,0.05670885741710663,0.0595712810754776,0.06243370473384857,0.06529612839221954],"_type":"histogram"},"_step":978,"loss":2.254136562347412,"_wandb":{"runtime":6},"_runtime":6.629993257,"_timestamp":1.7767650533566844e+09}