{"_runtime":27.157216916,"_step":4600,"grad_norm":0.8951506018638611,"_timestamp":1.7767651451913457e+09,"grad_hist":{"_type":"histogram","values":[1,0,0,0,0,0,0,0,0,0,0,0,0,0,0,0,0,0,2,0,0,1,0,4,2,4,4,7,12,12,14,21,23,21,26,38,42,55,99,214,1197,8637,65514,574945,16630,1356,383,207,126,62,28,12,3,0,0,0,0,3,0,0,0,0,0,1],"bins":[-0.0964965745806694,-0.09427285939455032,-0.09204915165901184,-0.08982543647289276,-0.08760172873735428,-0.0853780135512352,-0.08315430581569672,-0.08093059062957764,-0.07870687544345856,-0.07648316770792007,-0.07425945997238159,-0.07203574478626251,-0.06981202960014343,-0.06758832186460495,-0.06536460667848587,-0.06314089894294739,-0.06091718375682831,-0.05869347229599953,-0.056469760835170746,-0.054246049374341965,-0.052022337913513184,-0.049798622727394104,-0.04757491126656532,-0.04535119980573654,-0.04312748834490776,-0.04090377688407898,-0.0386800654232502,-0.03645635396242142,-0.03423263877630234,-0.032008931040763855,-0.029785215854644775,-0.027561508119106293,-0.025337792932987213,-0.023114077746868134,-0.02089037001132965,-0.01866665482521057,-0.01644294708967209,-0.014219231903553009,-0.011995524168014526,-0.009771808981895447,-0.007548101246356964,-0.0053243860602378845,-0.003100670874118805,-0.0008769631385803223,0.0013467520475387573,0.00357045978307724,0.00579417496919632,0.008017882704734802,0.010241597890853882,0.012465313076972961,0.014689020812511444,0.016912735998630524,0.019136443734169006,0.021360158920288086,0.02358386665582657,0.025807581841945648,0.028031297028064728,0.030255012214183807,0.03247871249914169,0.03470242768526077,0.03692614287137985,0.03914985805749893,0.04137355834245682,0.0435972735285759,0.045820992439985275]},"_wandb":{"runtime":27}}