{"_timestamp":1.7767653476607573e+09,"_wandb":{"runtime":28},"_runtime":28.40453406,"_step":4600,"grad_norm":0.9203588366508484}