{"_runtime":27.735283165,"grad_norm":0.9034439325332642,"_timestamp":1.7767691786397927e+09,"grad_hist":{"values":[1,0,0,0,0,0,0,0,0,0,0,1,0,0,0,0,0,0,0,1,1,3,2,3,4,4,5,7,7,12,21,16,19,24,26,25,66,72,106,248,1434,10396,84390,557732,13143,1050,439,223,129,57,21,11,1,1,1,0,1,2,0,0,0,0,0,1],"bins":[-0.09490309655666351,-0.09271231293678284,-0.09052152931690216,-0.08833074569702148,-0.08613995462656021,-0.08394917100667953,-0.08175838738679886,-0.07956760376691818,-0.0773768201470375,-0.07518602907657623,-0.07299524545669556,-0.07080446183681488,-0.0686136782169342,-0.06642289459705353,-0.06423211097717285,-0.06204132363200188,-0.0598505400121212,-0.057659756392240524,-0.05546896904706955,-0.05327818542718887,-0.0510874018073082,-0.04889661446213722,-0.046705830842256546,-0.04451504722237587,-0.042324259877204895,-0.04013347625732422,-0.03794269263744354,-0.035751909017562866,-0.03356112167239189,-0.03137033432722092,-0.02917955070734024,-0.026988767087459564,-0.024797983467578888,-0.02260719984769821,-0.020416416227817535,-0.01822563260793686,-0.016034841537475586,-0.01384405791759491,-0.011653274297714233,-0.009462490677833557,-0.007271707057952881,-0.005080923438072205,-0.0028901323676109314,-0.0006993487477302551,0.0014914348721504211,0.0036822184920310974,0.005873002111911774,0.00806378573179245,0.010254576802253723,0.0124453604221344,0.014636144042015076,0.016826927661895752,0.019017711281776428,0.021208494901657104,0.02339927852153778,0.025590069591999054,0.02778085321187973,0.029971636831760406,0.03216242790222168,0.034353211522102356,0.03654399514198303,0.03873477876186371,0.040925562381744385,0.04311634600162506,0.04530712962150574],"_type":"histogram"},"_step":4600,"_wandb":{"runtime":27}}