{"_wandb":{"runtime":27},"_runtime":27.609343675,"grad_norm":0.9355354309082031,"_timestamp":1.7767690995741901e+09,"grad_hist":{"values":[1,0,0,0,0,0,0,0,0,0,0,0,0,0,1,1,0,2,1,0,2,5,3,2,5,7,3,8,8,16,22,15,17,20,24,36,45,96,153,567,2872,18422,171741,466083,7784,990,378,185,94,58,17,14,3,1,0,2,0,1,0,0,0,0,0,1],"bins":[-0.09370266646146774,-0.09152641892433167,-0.08935016393661499,-0.08717391639947891,-0.08499766886234283,-0.08282142132520676,-0.08064516633749008,-0.078468918800354,-0.07629267126321793,-0.07411642372608185,-0.07194016873836517,-0.0697639212012291,-0.06758767366409302,-0.06541141867637634,-0.06323517113924026,-0.06105892360210419,-0.05888267233967781,-0.056706421077251434,-0.054530173540115356,-0.05235392227768898,-0.0501776747405529,-0.048001423478126526,-0.04582517594099045,-0.04364892467856407,-0.041472673416137695,-0.03929642587900162,-0.03712017461657524,-0.03494392707943916,-0.03276767581701279,-0.03059142827987671,-0.02841518074274063,-0.026238925755023956,-0.02406267821788788,-0.0218864306807518,-0.019710175693035126,-0.017533928155899048,-0.01535768061876297,-0.013181433081626892,-0.011005178093910217,-0.00882893055677414,-0.0066526830196380615,-0.004476428031921387,-0.002300180494785309,-0.00012393295764923096,0.002052314579486847,0.004228569567203522,0.0064048171043396,0.008581064641475677,0.010757319629192352,0.01293356716632843,0.015109814703464508,0.017286062240600586,0.01946231722831726,0.02163856476545334,0.023814812302589417,0.025991059839725494,0.02816731482744217,0.030343562364578247,0.032519809901714325,0.034696064889431,0.03687230497598648,0.039048559963703156,0.04122481495141983,0.04340105503797531,0.04557730630040169],"_type":"histogram"},"_step":4600}