{"grad_norm":0.9720773696899414,"_timestamp":1.7767654138680453e+09,"grad_hist":{"_type":"histogram","values":[1,0,0,0,0,0,0,0,0,0,0,0,0,0,0,0,1,1,1,3,1,0,1,4,1,5,10,7,9,10,18,12,22,18,30,32,46,80,129,400,1538,9075,70612,566178,18516,1963,467,250,131,72,37,12,6,3,1,0,1,0,0,1,0,0,0,1],"bins":[-0.09857474267482758,-0.09630277007818222,-0.09403079748153687,-0.09175882488489151,-0.08948685228824615,-0.0872148871421814,-0.08494290709495544,-0.08267094194889069,-0.08039896935224533,-0.07812699675559998,-0.07585502415895462,-0.07358305156230927,-0.07131107896566391,-0.06903910636901855,-0.0667671412229538,-0.06449516117572784,-0.06222319230437279,-0.05995121970772743,-0.05767924711108208,-0.05540727823972702,-0.053135305643081665,-0.05086333304643631,-0.048591360449790955,-0.0463193878531456,-0.044047415256500244,-0.04177544638514519,-0.03950347378849983,-0.03723150119185448,-0.03495953232049942,-0.032687559723854065,-0.03041558712720871,-0.028143614530563354,-0.025871641933918,-0.023599669337272644,-0.02132769674062729,-0.019055724143981934,-0.01678375154733658,-0.014511778950691223,-0.012239813804626465,-0.00996784120798111,-0.007695868611335754,-0.005423896014690399,-0.003151923418045044,-0.0008799508213996887,0.0013920217752456665,0.0036639943718910217,0.005935966968536377,0.008207939565181732,0.010479912161827087,0.012751877307891846,0.015023849904537201,0.017295822501182556,0.01956779509782791,0.021839767694473267,0.024111740291118622,0.026383712887763977,0.028655678033828735,0.030927658081054688,0.033199623227119446,0.0354716032743454,0.037743568420410156,0.04001554846763611,0.04228751361370087,0.04455949366092682,0.046831462532281876]},"_runtime":28.431397619,"_wandb":{"runtime":28},"_step":4600}