{"grad_hist":{"bins":[-0.09246625751256943,-0.09028613567352295,-0.08810602128505707,-0.08592589944601059,-0.08374578505754471,-0.08156566321849823,-0.07938554883003235,-0.07720542699098587,-0.07502531260251999,-0.07284519076347351,-0.07066507637500763,-0.06848495453596115,-0.06630483269691467,-0.06412471830844879,-0.06194460019469261,-0.05976448208093643,-0.05758436396718025,-0.05540424585342407,-0.05322412773966789,-0.05104400962591171,-0.04886389151215553,-0.04668377339839935,-0.04450365528464317,-0.04232353717088699,-0.040143415331840515,-0.037963297218084335,-0.035783179104328156,-0.033603060990571976,-0.031422942876815796,-0.029242828488349915,-0.027062706649303436,-0.024882592260837555,-0.022702470421791077,-0.0205223485827446,-0.018342234194278717,-0.01616211235523224,-0.013981997966766357,-0.01180187612771988,-0.009621761739253998,-0.0074416399002075195,-0.005261525511741638,-0.00308140367269516,-0.0009012892842292786,0.0012788325548171997,0.003458946943283081,0.005639068782329559,0.00781918317079544,0.009999305009841919,0.012179426848888397,0.014359541237354279,0.016539663076400757,0.018719777464866638,0.020899899303913116,0.023080013692378998,0.025260135531425476,0.027440249919891357,0.029620371758937836,0.03180048614740372,0.0339806005358696,0.036160729825496674,0.038340844213962555,0.040520958602428436,0.04270107299089432,0.04488120228052139,0.04706132039427757],"_type":"histogram","values":[1,0,0,0,0,0,0,0,0,0,0,0,0,0,0,2,0,1,0,2,5,3,3,5,2,4,8,8,12,19,19,22,21,26,34,53,85,126,367,1441,8598,65324,573669,17308,1598,439,234,128,84,35,10,4,1,2,1,0,0,0,1,0,0,0,0,1]},"_step":4600,"grad_norm":0.9218816757202148,"_timestamp":1.7767689862836168e+09,"_wandb":{"runtime":29},"_runtime":29.055126403}