{"grad_hist":{"_type":"histogram","values":[1,0,0,0,0,0,0,0,0,0,0,0,0,1,0,0,0,0,4,3,3,3,5,4,4,5,3,9,7,9,10,17,29,18,32,32,42,77,93,308,1485,8593,60132,574444,21452,1847,492,230,178,74,33,13,8,2,1,1,0,1,0,0,0,0,0,1],"bins":[-0.09606635570526123,-0.09385567903518677,-0.0916450023651123,-0.08943431824445724,-0.08722364157438278,-0.08501296490430832,-0.08280228823423386,-0.0805916115641594,-0.07838092744350433,-0.07617025077342987,-0.07395957410335541,-0.07174889743328094,-0.06953822076320648,-0.06732754409313202,-0.06511686742305756,-0.0629061833024025,-0.06069550663232803,-0.05848482996225357,-0.05627414956688881,-0.054063472896814346,-0.051852792501449585,-0.04964211583137512,-0.04743143916130066,-0.0452207587659359,-0.043010082095861435,-0.04079940542578697,-0.03858872503042221,-0.03637804836034775,-0.034167371690273285,-0.03195669502019882,-0.029746010899543762,-0.0275353342294693,-0.025324657559394836,-0.023113980889320374,-0.02090330421924591,-0.01869262009859085,-0.016481943428516388,-0.014271266758441925,-0.012060590088367462,-0.009849913418293,-0.0076392292976379395,-0.0054285526275634766,-0.0032178759574890137,-0.0010071992874145508,0.0012034773826599121,0.003414154052734375,0.005624838173389435,0.007835514843463898,0.01004619151353836,0.012256868183612823,0.014467544853687286,0.016678228974342346,0.01888890564441681,0.021099582314491272,0.023310258984565735,0.025520935654640198,0.02773161232471466,0.029942288994789124,0.032152965664863586,0.03436365723609924,0.036574333906173706,0.03878501057624817,0.04099568724632263,0.043206363916397095,0.045417044311761856]},"_step":4600,"_wandb":{"runtime":28},"_runtime":28.591467534,"grad_norm":0.9576416015625,"_timestamp":1.7767677498724911e+09}