{"_step":0,"grad_norm":0.3461240828037262,"_timestamp":1.7768609417084146e+09,"_runtime":0.216684373,"_wandb":{"runtime":0}}