{"activation_min/linear_relu_stack.2":-0.39422714710235596,"_timestamp":1.7767647626144438e+09,"activation_mean/linear_relu_stack.4":0.013125806115567684,"activation_std/linear_relu_stack.2":0.09398787468671799,"activation_min/linear_relu_stack.4":-0.10001794993877411,"_step":836,"_wandb":{"runtime":5},"_runtime":5.66292325,"activation_sparsity/linear_relu_stack.2":0,"activation_max/linear_relu_stack.2":0.4192031919956207,"grad_norm":0.3876189589500427,"activation_mean/linear_relu_stack.2":0.0010522672673687339,"activation_dead_fraction/linear_relu_stack.0":0,"activation_min/linear_relu_stack.0":-0.81110018491745,"activation_max/linear_relu_stack.0":0.9783676266670227,"activation_std/linear_relu_stack.0":0.2110171765089035,"activation_dead_fraction/linear_relu_stack.4":0,"activation_dead_fraction/linear_relu_stack.2":0,"grad_hist":{"values":[1,0,0,0,0,0,0,0,0,0,1,0,0,0,0,0,0,0,0,0,0,0,0,0,0,1,2,5,5,14,15,16,33,57,95,137,456,2479,18397,190132,443532,12409,1359,314,112,68,34,14,5,7,1,2,0,0,0,1,0,0,0,0,1,0,0,1],"bins":[-0.038219258189201355,-0.037264175713062286,-0.03630909323692322,-0.03535401448607445,-0.03439893200993538,-0.03344384953379631,-0.03248877078294754,-0.03153368830680847,-0.030578605830669403,-0.029623523354530334,-0.028668442741036415,-0.027713362127542496,-0.026758279651403427,-0.02580319717526436,-0.02484811656177044,-0.02389303594827652,-0.02293795347213745,-0.021982870995998383,-0.021027790382504463,-0.020072709769010544,-0.019117627292871475,-0.018162544816732407,-0.017207464203238487,-0.016252383589744568,-0.0152973011136055,-0.01434221863746643,-0.013387138023972511,-0.012432057410478592,-0.011476974934339523,-0.010521892458200455,-0.009566811844706535,-0.008611731231212616,-0.007656648755073547,-0.006701566278934479,-0.00574648380279541,-0.00479140505194664,-0.0038363225758075714,-0.002881240099668503,-0.0019261613488197327,-0.0009710788726806641,-1.599639654159546e-05,0.0009390860795974731,0.0018941685557365417,0.002849247306585312,0.0038043297827243805,0.004759412258863449,0.005714491009712219,0.006669573485851288,0.0076246559619903564,0.008579738438129425,0.009534820914268494,0.010489899665117264,0.011444982141256332,0.012400064617395401,0.013355143368244171,0.01431022584438324,0.015265308320522308,0.016220390796661377,0.017175473272800446,0.018130552023649216,0.019085634499788284,0.020040716975927353,0.020995795726776123,0.02195087820291519,0.02290596067905426],"_type":"histogram"},"activation_sparsity/linear_relu_stack.0":0,"activation_sparsity/linear_relu_stack.4":0,"loss":2.2566733360290527,"activation_mean/linear_relu_stack.0":5.7794153690338135e-05,"activation_max/linear_relu_stack.4":0.1989322304725647,"activation_std/linear_relu_stack.4":0.049172643572092056}