{"grad/global_p90":0.00047616439405828714,"activation/linear_relu_stack.4/activation_min":-2.1439425945281982,"grad/global_max":0.04791834577918053,"activation/linear_relu_stack.2/activation_min":-0.7075357437133789,"activation/linear_relu_stack.0/activation_min":-0.7537228465080261,"activation/linear_relu_stack.0/activation":{"_type":"histogram","values":[4,1,6,11,22,35,54,86,113,168,258,346,491,652,823,1002,1306,1499,1730,1921,2090,2120,2064,2023,1963,1844,1608,1404,1271,1136,896,783,647,536,442,346,262,184,154,116,87,57,74,25,32,20,10,12,5,3,6,6,4,3,0,1,2,0,2,0,0,0,1,1],"bins":[-0.7537228465080261,-0.7167328596115112,-0.6797428727149963,-0.6427528858184814,-0.6057628393173218,-0.5687729120254517,-0.531782865524292,-0.4947928786277771,-0.4578028917312622,-0.4208129048347473,-0.3838229179382324,-0.34683290123939514,-0.30984291434288025,-0.27285292744636536,-0.23586291074752808,-0.19887292385101318,-0.1618829369544983,-0.1248929500579834,-0.0879029631614685,-0.05091297626495361,-0.01392298936843872,0.023067057132720947,0.06005704402923584,0.09704703092575073,0.13403701782226562,0.17102700471878052,0.2080169916152954,0.2450069785118103,0.28199702501296997,0.3189869523048401,0.35597699880599976,0.3929669260978699,0.42995697259902954,0.4669470191001892,0.5039369463920593,0.540926992893219,0.5779169201850891,0.6149069666862488,0.6518968939781189,0.6888869404792786,0.7258768677711487,0.7628669142723083,0.799856960773468,0.8368468880653381,0.8738369345664978,0.9108268618583679,0.9478169083595276,0.9848068356513977,1.0217969417572021,1.0587868690490723,1.0957767963409424,1.1327669620513916,1.1697568893432617,1.2067468166351318,1.243736743927002,1.280726671218872,1.3177168369293213,1.3547067642211914,1.3916966915130615,1.4286868572235107,1.4656767845153809,1.502666711807251,1.539656639099121,1.5766468048095703,1.61363685131073]},"activation/linear_relu_stack.0/activation_max":1.61363685131073,"loss/main":1.6753666400909424,"activation/linear_relu_stack.0/activation_sparsity":0,"activation/linear_relu_stack.2/activation_p90":0.2988113760948181,"grad/global_sparsity":0.32507696747779846,"activation/linear_relu_stack.4/activation_p90":0.46884885430336,"activation/linear_relu_stack.2/activation_max":1.292826533317566,"activation/linear_relu_stack.4/activation_max":2.6627395153045654,"activation/linear_relu_stack.2/activation_sparsity":0,"activation/linear_relu_stack.4/activation_std":0.4395058751106262,"activation/linear_relu_stack.2/activation_mean":0.06995795667171478,"activation/linear_relu_stack.2/activation_std":0.18371595442295074,"grad/global_mean":-0.0001618352544028312,"grad/global":{"values":[1,0,0,0,0,0,0,0,0,0,0,0,0,1,1,0,1,0,0,5,4,4,5,5,3,9,9,9,11,11,22,18,17,30,42,70,65,133,350,1768,11401,85734,552336,15202,1500,394,257,156,72,36,14,6,1,0,1,0,0,1,0,0,0,0,0,1],"bins":[-0.09343726187944412,-0.09122858196496964,-0.08901990205049515,-0.08681121468544006,-0.08460253477096558,-0.08239385485649109,-0.0801851749420166,-0.07797649502754211,-0.07576781511306763,-0.07355912774801254,-0.07135044783353806,-0.06914176791906357,-0.06693308800458908,-0.064724400639534,-0.06251572072505951,-0.06030704081058502,-0.058098360896110535,-0.05588968098163605,-0.05368099734187126,-0.051472317427396774,-0.04926363378763199,-0.0470549538731575,-0.044846273958683014,-0.04263759031891823,-0.04042891040444374,-0.038220230489969254,-0.03601154685020447,-0.03380286693572998,-0.03159418702125549,-0.029385507106781006,-0.02717681974172592,-0.024968139827251434,-0.022759459912776947,-0.02055077999830246,-0.018342100083827972,-0.016133412718772888,-0.013924732804298401,-0.011716052889823914,-0.009507372975349426,-0.007298693060874939,-0.005090005695819855,-0.0028813257813453674,-0.0006726458668708801,0.0015360340476036072,0.0037447139620780945,0.005953393876552582,0.008162081241607666,0.010370761156082153,0.01257944107055664,0.014788120985031128,0.016996800899505615,0.0192054882645607,0.021414168179035187,0.023622848093509674,0.02583152800798416,0.02804020792245865,0.030248887836933136,0.03245756775140762,0.03466624766588211,0.03687494248151779,0.03908362239599228,0.041292302310466766,0.043500982224941254,0.04570966213941574,0.04791834577918053],"_type":"histogram"},"activation/linear_relu_stack.0/activation_p90":0.41693833470344543,"activation/linear_relu_stack.2/activation_p99":0.5236615538597107,"activation/linear_relu_stack.0/activation_p99":0.736397385597229,"activation/linear_relu_stack.0/activation_mean":0.1035357266664505,"activation/linear_relu_stack.4/activation_sparsity":0,"activation/linear_relu_stack.4/activation":{"_type":"histogram","values":[1,0,0,0,1,0,1,0,0,2,0,0,0,0,1,3,6,3,6,7,15,21,22,39,47,49,63,51,41,56,39,34,26,27,19,14,14,6,7,5,4,1,2,1,0,1,1,0,0,0,1,0,1,0,0,0,0,0,0,1,0,0,0,1],"bins":[-2.1439425945281982,-2.068838119506836,-1.9937337636947632,-1.9186294078826904,-1.8435249328613281,-1.7684205770492554,-1.6933162212371826,-1.6182117462158203,-1.543107271194458,-1.4680029153823853,-1.3928985595703125,-1.3177940845489502,-1.2426897287368774,-1.1675853729248047,-1.0924808979034424,-1.01737642288208,-0.9422720670700073,-0.8671677112579346,-0.7920632362365723,-0.7169588804244995,-0.6418544054031372,-0.5667500495910645,-0.49164557456970215,-0.4165412187576294,-0.34143686294555664,-0.26633238792419434,-0.19122803211212158,-0.11612367630004883,-0.04101920127868652,0.03408527374267578,0.10918974876403809,0.1842939853668213,0.2593984603881836,0.3345029354095459,0.4096071720123291,0.4847116470336914,0.5598161220550537,0.634920597076416,0.7100248336791992,0.7851293087005615,0.8602337837219238,0.935338020324707,1.0104424953460693,1.0855469703674316,1.160651445388794,1.2357556819915771,1.3108601570129395,1.3859646320343018,1.461068868637085,1.5361733436584473,1.6112778186798096,1.6863822937011719,1.761486530303955,1.8365910053253174,1.9116952419281006,1.986799955368042,2.061904191970825,2.1370084285736084,2.21211314201355,2.287217378616333,2.3623220920562744,2.4374263286590576,2.512530565261841,2.5876352787017822,2.6627395153045654]},"grad_norm/global":0.9624984264373779,"_step":4689,"_wandb":{"runtime":51},"activation/linear_relu_stack.4/activation_mean":-0.03506011515855789,"grad/global_min":-0.09343726187944412,"activation/linear_relu_stack.4/activation_p99":1.1024625301361084,"activation/linear_relu_stack.0/activation_std":0.24188092350959778,"activation/linear_relu_stack.2/activation":{"bins":[-0.7075357437133789,-0.6762800812721252,-0.6450244188308716,-0.6137687563896179,-0.5825130939483643,-0.5512574315071106,-0.5200017690658569,-0.48874610662460327,-0.4574904441833496,-0.42623478174209595,-0.3949791193008423,-0.3637234568595886,-0.33246779441833496,-0.3012121319770813,-0.26995646953582764,-0.23870080709457397,-0.2074451446533203,-0.17618948221206665,-0.144933819770813,-0.11367815732955933,-0.08242249488830566,-0.051166832447052,-0.01991117000579834,0.011344492435455322,0.042600154876708984,0.07385581731796265,0.10511147975921631,0.13636714220046997,0.16762280464172363,0.1988784670829773,0.23013412952423096,0.2613897919654846,0.2926454544067383,0.3239011764526367,0.3551567792892456,0.3864123821258545,0.41766810417175293,0.44892382621765137,0.48017942905426025,0.5114350318908691,0.5426907539367676,0.573946475982666,0.6052020788192749,0.6364576816558838,0.6677134037017822,0.6989691257476807,0.7302247285842896,0.7614803314208984,0.7927360534667969,0.8239917755126953,0.8552473783493042,0.8865029811859131,0.9177587032318115,0.94901442527771,0.9802700281143188,1.0115256309509277,1.0427813529968262,1.0740370750427246,1.1052926778793335,1.1365482807159424,1.1678040027618408,1.1990597248077393,1.2303153276443481,1.261570930480957,1.292826533317566],"_type":"histogram","values":[1,0,0,3,3,8,12,17,26,37,63,133,207,332,482,650,884,1182,1350,1500,1648,1805,1977,2141,2285,2271,2119,2033,1882,1730,1409,1094,879,708,559,341,285,216,127,95,69,42,41,23,20,18,14,8,12,5,5,4,3,1,0,3,1,0,1,0,2,0,0,2]},"grad/global_p99":0.002522003371268511,"_runtime":51.980612386,