{"grad_norm":0.9557937383651733,"_timestamp":1.7767688104924664e+09,"_step":4600,"_wandb":{"runtime":26},"_runtime":26.852689924}