{"_wandb":{"runtime":27},"_runtime":27.64520772,"grad_norm":0.9222723245620728,"_timestamp":1.7767688517360718e+09,"grad_hist":{"bins":[-0.09161332994699478,-0.0895017683506012,-0.08739019930362701,-0.08527863770723343,-0.08316706866025925,-0.08105550706386566,-0.07894393801689148,-0.0768323764204979,-0.07472081482410431,-0.07260924577713013,-0.07049767673015594,-0.06838611513376236,-0.06627455353736877,-0.06416298449039459,-0.06205142289400101,-0.05993985757231712,-0.05782829225063324,-0.055716726928949356,-0.05360516160726547,-0.05149359628558159,-0.049382030963897705,-0.04727046936750412,-0.045158904045820236,-0.04304733872413635,-0.04093577340245247,-0.038824208080768585,-0.0367126427590847,-0.03460107743740082,-0.03248951584100723,-0.03037795051932335,-0.028266385197639465,-0.026154816150665283,-0.024043254554271698,-0.021931692957878113,-0.01982012391090393,-0.017708562314510345,-0.015596993267536163,-0.013485431671142578,-0.011373862624168396,-0.00926230102777481,-0.007150731980800629,-0.0050391703844070435,-0.0029276087880134583,-0.0008160397410392761,0.001295521855354309,0.003407090902328491,0.005518652498722076,0.0076302215456962585,0.009741783142089844,0.011853344738483429,0.013964913785457611,0.016076475381851196,0.01818804442882538,0.020299606025218964,0.022411175072193146,0.02452273666858673,0.026634298264980316,0.0287458673119545,0.030857428908348083,0.032968997955322266,0.03508055955171585,0.03719212859869003,0.039303697645664215,0.0414152517914772,0.043526820838451385],"_type":"histogram","values":[1,0,0,0,0,0,0,0,0,0,0,0,0,0,0,1,0,2,1,3,1,5,1,6,5,3,11,8,11,17,12,14,16,28,22,34,40,71,136,405,1713,9831,73175,565486,16155,1548,437,230,131,72,38,19,8,2,3,1,0,1,1,0,0,0,0,1]},"_step":4600}