{"grad/global_hist":{"_type":"histogram","values":[1,0,2,3,1,4,2,3,2,4,5,4,4,8,8,4,11,14,11,16,23,23,36,31,35,49,60,86,123,276,902,3860,15593,59474,520385,53080,10955,2744,867,348,182,126,84,69,47,34,27,29,12,12,6,7,5,2,2,3,1,0,0,0,0,0,0,1],"bins":[-0.058705493807792664,-0.057009924203157425,-0.055314354598522186,-0.05361878126859665,-0.05192321166396141,-0.05022764205932617,-0.048532068729400635,-0.046836499124765396,-0.04514092952013016,-0.04344535991549492,-0.04174979031085968,-0.04005421698093414,-0.038358647376298904,-0.036663077771663666,-0.03496750444173813,-0.03327193483710289,-0.03157636523246765,-0.029880795627832413,-0.028185224160552025,-0.026489652693271637,-0.0247940830886364,-0.02309851348400116,-0.021402940154075623,-0.019707370549440384,-0.018011800944805145,-0.016316231340169907,-0.014620661735534668,-0.01292508840560913,-0.011229518800973892,-0.009533949196338654,-0.007838375866413116,-0.006142806261777878,-0.004447236657142639,-0.0027516670525074005,-0.0010560974478721619,0.0006394758820533752,0.002335045486688614,0.0040306150913238525,0.00572618842124939,0.00742175430059433,0.009117327630519867,0.010812900960445404,0.012508466839790344,0.014204040169715881,0.01589961349964142,0.01759517937898636,0.019290752708911896,0.020986318588256836,0.022681891918182373,0.02437746524810791,0.02607303112745285,0.027768604457378387,0.029464170336723328,0.031159743666648865,0.0328553169965744,0.03455088287591934,0.03624645620584488,0.037942029535770416,0.039637595415115356,0.041333168745040894,0.04302874207496643,0.04472430795431137,0.04641988128423691,0.04811544716358185,0.049811020493507385]},"activation/linear_relu_stack.1/activation_p99":0.7409169673919678,"activation/linear_relu_stack.1/activation_mean":0.14530307054519653,"grad/global_mean":-0.00014453812036663294,"activation/linear_relu_stack.3/activation_sparsity":0.377410888671875,"activation/linear_relu_stack.1/activation_sparsity":0.3677978515625,"grad/global_std":0.0013843770138919353,"grad/global_p99":0.0034922556951642036,"activation/linear_relu_stack.3/activation_mean":0.1038268655538559,"activation/linear_relu_stack.1/activation_std":0.1814807802438736,"activation/linear_relu_stack.3/activation_p90":0.28541213274002075,"activation/linear_relu_stack.3/activation_std":0.12709185481071472,"loss/main":1.6882976293563843,"grad/global_sparsity":0.3658112585544586,"activation/linear_relu_stack.1/activation_hist":{"bins":[0,0.020474091172218323,0.040948182344436646,0.06142227351665497,0.08189636468887329,0.10237045586109161,0.12284454703330994,0.14331863820552826,0.16379272937774658,0.1842668205499649,0.20474091172218323,0.22521500289440155,0.24568909406661987,0.266163170337677,0.2866372764110565,0.30711138248443604,0.32758545875549316,0.3480595350265503,0.3685336410999298,0.3890077471733093,0.40948182344436646,0.4299558997154236,0.4504300057888031,0.4709041118621826,0.49137818813323975,0.5118522644042969,0.532326340675354,0.5528004765510559,0.573274552822113,0.5937486290931702,0.6142227649688721,0.6346968412399292,0.6551709175109863,0.6756449937820435,0.6961190700531006,0.7165932059288025,0.7370672821998596,0.7575413584709167,0.7780154943466187,0.7984895706176758,0.8189636468887329,0.83943772315979,0.8599117994308472,0.8803859353065491,0.9008600115776062,0.9213340878486633,0.9418082237243652,0.9622822999954224,0.9827563762664795,1.0032304525375366,1.0237045288085938,1.0441786050796509,1.064652681350708,1.0851268768310547,1.1056009531021118,1.126075029373169,1.146549105644226,1.1670231819152832,1.1874972581863403,1.2079713344573975,1.2284455299377441,1.2489196062088013,1.2693936824798584,1.2898677587509155,1.3103418350219727],"_type":"histogram","values":[13244,1181,1194,1175,1185,1105,1057,1023,982,936,873,798,795,747,667,630,558,564,463,444,367,337,303,246,221,237,173,160,160,130,99,93,88,74,61,60,51,38,35,35,21,28,23,20,12,15,7,10,4,7,9,3,6,4,3,1,1,1,2,0,0,1,0,1]},"_step":4689,"activation/linear_relu_stack.1/activation_max":1.3103418350219727,"grad/global_p90":0.0006618471234105527,"grad_norm/global":0.9357283115386963,"grad/global_max":0.049811020493507385,"_runtime":95.233950655,"activation/linear_relu_stack.3/activation_hist":{"values":[13447,1085,1141,1103,1072,1127,1097,1107,1080,1015,937,893,830,739,738,677,543,555,481,434,346,310,296,207,226,207,171,140,117,95,91,69,53,42,39,46,34,26,24,19,17,14,17,8,6,11,5,5,5,3,5,4,1,2,1,0,0,1,2,0,1,0,0,1],"bins":[0,0.015303128398954868,0.030606256797909737,0.04590938612818718,0.06121251359581947,0.07651564478874207,0.09181877225637436,0.10712189972400665,0.12242502719163895,0.13772815465927124,0.15303128957748413,0.16833440959453583,0.18363754451274872,0.19894066452980042,0.2142437994480133,0.229546919465065,0.2448500543832779,0.2601531744003296,0.2754563093185425,0.29075944423675537,0.30606257915496826,0.32136568427085876,0.33666881918907166,0.35197195410728455,0.36727508902549744,0.3825782239437103,0.39788132905960083,0.4131844639778137,0.4284875988960266,0.4437907338142395,0.45909383893013,0.4743969738483429,0.4897001087665558,0.5050032138824463,0.5203063488006592,0.5356094837188721,0.550912618637085,0.5662157535552979,0.5815188884735107,0.5968220233917236,0.6121251583099365,0.6274282932281494,0.6427313685417175,0.6580345034599304,0.6733376383781433,0.6886407732963562,0.7039439082145691,0.719247043132782,0.7345501780509949,0.7498533129692078,0.7651564478874207,0.7804595232009888,0.7957626581192017,0.8110657930374146,0.8263689279556274,0.8416720628738403,0.8569751977920532,0.8722783327102661,0.887581467628479,0.9028846025466919,0.91818767786026,0.9334908127784729,0.9487939476966858,0.9640970826148987,0.9794002175331116],"_type":"histogram"},"_timestamp":1.7773808032049484e+09,"_wandb":{"runtime":95},"activation/linear_relu_stack.1/activation_min":0,"activation/linear_relu_stack.3/activation_max":0.9794002175331116,"activation/linear_relu_stack.3/activation_min":0,"grad/global_min":-0.058705493807792664,"activation/linear_relu_stack.1/activation_p90":0.40294840931892395,"activation/linear_relu_stack.3/activation_p99":0.5101532936096191}