{"activation/linear_relu_stack.1/activation":{"_type":"histogram","values":[13521,1149,1160,1119,1136,1083,1060,994,1001,893,828,831,779,714,638,623,601,520,443,432,363,342,342,278,272,217,176,176,124,134,114,107,87,68,80,45,47,52,24,32,23,21,14,9,13,12,11,10,9,8,9,5,4,0,4,4,1,2,0,0,0,1,0,3],"bins":[0,0.02030041441321373,0.04060082882642746,0.06090124323964119,0.08120165765285492,0.10150207579135895,0.12180248647928238,0.1421028971672058,0.16240331530570984,0.18270373344421387,0.2030041515827179,0.22330455482006073,0.24360497295856476,0.2639053761959076,0.2842057943344116,0.30450621247291565,0.3248066306114197,0.3451070487499237,0.36540746688842773,0.38570788502693176,0.4060083031654358,0.42630869150161743,0.44660910964012146,0.4669095277786255,0.4872099459171295,0.5075103640556335,0.5278107523918152,0.5481112003326416,0.5684115886688232,0.5887120366096497,0.6090124249458313,0.6293128728866577,0.6496132612228394,0.669913649559021,0.6902140974998474,0.710514485836029,0.7308149337768555,0.7511153221130371,0.7714157700538635,0.7917161583900452,0.8120166063308716,0.8323169946670532,0.8526173830032349,0.8729178309440613,0.8932182192802429,0.9135186672210693,0.933819055557251,0.9541195034980774,0.974419891834259,0.9947202801704407,1.015020728111267,1.0353211164474487,1.0556215047836304,1.0759220123291016,1.0962224006652832,1.1165227890014648,1.1368231773376465,1.1571235656738281,1.1774240732192993,1.197724461555481,1.2180248498916626,1.2383252382278442,1.2586257457733154,1.278926134109497,1.2992265224456787]},"activation/linear_relu_stack.3/activation_sparsity":0.357940673828125,"grad/global_mean":-0.0001776494027581066,"grad/global":{"values":[1,0,0,0,0,0,0,0,0,0,0,0,0,0,2,0,3,0,1,4,1,5,4,2,6,3,9,5,12,13,15,19,19,33,22,42,49,78,112,427,2134,12666,80913,553741,16635,1726,453,259,149,70,44,14,7,2,2,0,2,0,0,0,1,0,0,1],"bins":[-0.08976559340953827,-0.08769465237855911,-0.08562371134757996,-0.0835527628660202,-0.08148182183504105,-0.07941088080406189,-0.07733993232250214,-0.07526899129152298,-0.07319805026054382,-0.07112710922956467,-0.06905616819858551,-0.06698521971702576,-0.0649142786860466,-0.06284333765506744,-0.06077239289879799,-0.058701448142528534,-0.05663050711154938,-0.05455956608057022,-0.052488621324300766,-0.05041767656803131,-0.048346735537052155,-0.046275794506073,-0.04420484974980354,-0.04213390499353409,-0.04006296396255493,-0.037992022931575775,-0.03592107817530632,-0.033850133419036865,-0.03177919238805771,-0.029708251357078552,-0.027637306600809097,-0.025566361844539642,-0.023495420813560486,-0.02142447978258133,-0.019353538751602173,-0.01728259027004242,-0.015211649239063263,-0.013140708208084106,-0.011069759726524353,-0.008998818695545197,-0.00692787766456604,-0.0048569366335868835,-0.002785995602607727,-0.0007150471210479736,0.0013558939099311829,0.0034268349409103394,0.005497783422470093,0.007568724453449249,0.009639665484428406,0.011710606515407562,0.013781547546386719,0.015852496027946472,0.01792343705892563,0.019994378089904785,0.02206532657146454,0.024136267602443695,0.02620720863342285,0.028278149664402008,0.030349090695381165,0.03242003917694092,0.034490980207920074,0.03656192123889923,0.038632869720458984,0.040703803300857544,0.042774759232997894],"_type":"histogram"},"grad/global_sparsity":0.32951176166534424,"activation/linear_relu_stack.3/activation_std":0.12801291048526764,"activation/linear_relu_stack.1/activation_mean":0.14341720938682556,"grad/global_p99":0.0023599094711244106,"_timestamp":1.776952852949862e+09,"grad/global_max":0.042774759232997894,"activation/linear_relu_stack.1/activation_max":1.2992265224456787,"activation/linear_relu_stack.3/activation":{"values":[13195,1506,1530,1566,1492,1436,1308,1273,1225,1134,1004,883,803,700,600,539,454,387,312,250,201,202,140,121,97,67,71,38,47,42,19,26,15,7,4,11,12,4,10,10,2,2,2,4,1,2,3,2,2,0,0,2,2,0,1,0,0,0,0,0,1,0,0,1],"bins":[0,0.01950976811349392,0.03901953622698784,0.05852930247783661,0.07803907245397568,0.09754884243011475,0.11705860495567322,0.13656838238239288,0.15607814490795135,0.17558790743350983,0.1950976848602295,0.21460744738578796,0.23411720991134644,0.2536269724369049,0.27313676476478577,0.29264652729034424,0.3121562898159027,0.3316660523414612,0.35117581486701965,0.3706856071949005,0.390195369720459,0.40970513224601746,0.4292148947715759,0.4487246572971344,0.46823441982269287,0.48774421215057373,0.5072539448738098,0.5267637372016907,0.5462735295295715,0.5657832622528076,0.5852930545806885,0.6048027873039246,0.6243125796318054,0.6438223719596863,0.6633321046829224,0.6828418970108032,0.7023516297340393,0.7218614220619202,0.741371214389801,0.7608809471130371,0.780390739440918,0.799900472164154,0.8194102644920349,0.8389200568199158,0.8584297895431519,0.8779395818710327,0.8974493145942688,0.9169591069221497,0.9364688396453857,0.9559786319732666,0.9754884243011475,0.9949981570243835,1.0145078897476196,1.0340176820755005,1.0535274744033813,1.0730372667312622,1.092547059059143,1.1120567321777344,1.1315665245056152,1.151076316833496,1.170586109161377,1.1900959014892578,1.2096055746078491,1.22911536693573,1.2486251592636108],"_type":"histogram"},"activation/linear_relu_stack.3/activation_mean":0.10568417608737946,"activation/linear_relu_stack.3/activation_max":1.2486251592636108,"_runtime":51.632493395,"grad/global_p90":0.00043310108594596386,"grad/global_min":-0.08976559340953827,"loss/main":1.655239462852478,"grad_norm/global":0.9454799890518188,"activation/linear_relu_stack.1/activation_min":0,"_step":4689,"activation/linear_relu_stack.3/activation_min":0,"activation/linear_relu_stack.1/activation_p90":0.4042212963104248,"activation/linear_relu_stack.3/activation_p90":0.28706642985343933,"activation/linear_relu_stack.1/activation_sparsity":0.376129150390625,"activation/linear_relu_stack.1/activation_p99":0.7254288792610168,"activation/linear_relu_stack.3/activation_p99":0.5100268721580505,"_wandb":{"runtime":51},"grad/global_std":0.0011416022898629308,"activation/linear_relu_stack.1/activation_std":0.18055066466331482}