{"loss":2.2636449337005615,"activation_dead_fraction/linear_relu_stack.2":0,"activation_min/linear_relu_stack.4":-0.12204073369503021,"activation_mean/linear_relu_stack.0":0.006708478555083275,"activation_sparsity/linear_relu_stack.2":0,"activation_max/linear_relu_stack.0":1.0199100971221924,"_step":836,"activation_min/linear_relu_stack.2":-0.4305860698223114,"activation_mean/linear_relu_stack.2":0.003278365358710289,"_runtime":5.604344991,"activation_std/linear_relu_stack.0":0.2150731235742569,"activation_sparsity/linear_relu_stack.4":0,"activation_sparsity/linear_relu_stack.0":0,"activation_max/linear_relu_stack.4":0.21010075509548187,"_wandb":{"runtime":5},"activation_min/linear_relu_stack.0":-0.9809321165084839,"activation_std/linear_relu_stack.2":0.09727169573307037,"grad_norm":0.38717707991600037,"_timestamp":1.776764347815927e+09,"activation_std/linear_relu_stack.4":0.04942794516682625,"activation_dead_fraction/linear_relu_stack.4":0,"activation_max/linear_relu_stack.2":0.38717228174209595,"activation_dead_fraction/linear_relu_stack.0":0,"activation_mean/linear_relu_stack.4":0.011517315171658993,"grad_hist":{"bins":[-0.040622200816869736,-0.03970262408256531,-0.03878304734826088,-0.03786346688866615,-0.036943890154361725,-0.0360243134200573,-0.03510473668575287,-0.03418515622615814,-0.033265579491853714,-0.032346002757549286,-0.03142642602324486,-0.03050684742629528,-0.029587270691990852,-0.028667692095041275,-0.027748115360736847,-0.02682853862643242,-0.02590896002948284,-0.024989383295178413,-0.024069804698228836,-0.023150227963924408,-0.02223064936697483,-0.021311072632670403,-0.020391494035720825,-0.019471917301416397,-0.01855234056711197,-0.01763276197016239,-0.016713185235857964,-0.015793606638908386,-0.014874029904603958,-0.01395445130765438,-0.013034874573349953,-0.012115295976400375,-0.011195719242095947,-0.01027614250779152,-0.009356565773487091,-0.008436985313892365,-0.007517408579587936,-0.006597831845283508,-0.00567825511097908,-0.004758674651384354,-0.0038390979170799255,-0.0029195211827754974,-0.0019999444484710693,-0.0010803677141666412,-0.00016078725457191467,0.0007587894797325134,0.0016783662140369415,0.0025979429483413696,0.0035175196826457977,0.004437100142240524,0.005356676876544952,0.0062762536108493805,0.007195830345153809,0.008115410804748535,0.009034987539052963,0.009954564273357391,0.01087414100766182,0.011793717741966248,0.012713298201560974,0.013632874935865402,0.01455245167016983,0.015472028404474258,0.016391608864068985,0.017311185598373413,0.01823076233267784],"_type":"histogram","values":[1,0,0,0,0,0,0,0,0,0,0,0,0,0,0,0,0,1,0,0,0,0,0,0,0,0,0,1,1,2,1,3,8,12,17,29,42,52,92,126,334,1990,15002,118835,512990,17458,1967,412,157,81,42,26,11,5,0,3,2,0,1,0,0,0,0,2]}}