{"activation/linear_relu_stack.1/activation_p90":0.41008850932121277,"activation/linear_relu_stack.1/activation_std":0.18387551605701447,"_step":4689,"grad_norm/global":0.9495735168457031,"activation/linear_relu_stack.3/activation_sparsity":0.36444091796875,"grad/global_std":0.0011463810224086046,"grad/global_max":0.0428909957408905,"_runtime":51.29427258,"_wandb":{"runtime":51},"activation/linear_relu_stack.3/activation":{"_type":"histogram","values":[13088,1200,1148,1288,1214,1204,1189,1131,1078,1106,951,873,885,804,692,638,571,490,457,375,363,292,278,229,196,158,157,126,95,82,68,45,50,44,38,34,29,23,10,6,12,7,3,8,4,4,4,3,2,3,1,2,2,1,1,0,1,2,1,0,0,1,0,1],"bins":[0,0.016295230016112328,0.032590460032224655,0.048885688185691833,0.06518092006444931,0.08147615194320679,0.09777137637138367,0.11406660825014114,0.13036184012889862,0.1466570645570755,0.16295230388641357,0.17924752831459045,0.19554275274276733,0.2118379920721054,0.2281332165002823,0.24442845582962036,0.26072368025779724,0.2770189046859741,0.293314129114151,0.30960938334465027,0.32590460777282715,0.34219983220100403,0.3584950566291809,0.3747902810573578,0.39108550548553467,0.40738075971603394,0.4236759841442108,0.4399712085723877,0.4562664330005646,0.47256165742874146,0.4888569116592407,0.5051521062850952,0.5214473605155945,0.5377426147460938,0.5540378093719482,0.5703330636024475,0.586628258228302,0.6029235124588013,0.6192187666893005,0.635513961315155,0.6518092155456543,0.6681044101715088,0.6843996644020081,0.7006949186325073,0.7169901132583618,0.7332853674888611,0.7495805621147156,0.7658758163452148,0.7821710109710693,0.7984662652015686,0.8147615194320679,0.8310567140579224,0.8473519682884216,0.8636471629142761,0.8799424171447754,0.8962376713752747,0.9125328660011292,0.9288281202316284,0.9451233148574829,0.9614185690879822,0.9777138233184814,0.9940090179443359,1.0103042125701904,1.0265995264053345,1.042894721031189]},"activation/linear_relu_stack.3/activation_std":0.12843504548072815,"activation/linear_relu_stack.1/activation_p99":0.7497864961624146,"grad/global_sparsity":0.32771843671798706,"grad/global":{"_type":"histogram","values":[1,0,0,0,0,0,0,0,0,0,0,0,0,0,0,1,2,1,1,1,4,6,5,6,8,2,11,7,14,11,13,21,25,28,28,59,65,103,190,665,4211,23937,462978,168028,7421,1022,345,203,145,75,38,14,5,2,0,0,2,1,0,0,0,0,0,1],"bins":[-0.0877968966960907,-0.08575490117073059,-0.08371289819478989,-0.08167090266942978,-0.07962889969348907,-0.07758690416812897,-0.07554490864276886,-0.07350290566682816,-0.07146091014146805,-0.06941890716552734,-0.06737691164016724,-0.06533491611480713,-0.06329292058944702,-0.06125091761350632,-0.05920892208814621,-0.057166922837495804,-0.0551249235868454,-0.05308292433619499,-0.051040925085544586,-0.04899892956018448,-0.04695693030953407,-0.04491493105888367,-0.04287293553352356,-0.040830936282873154,-0.03878893703222275,-0.03674693778157234,-0.034704938530921936,-0.03266294300556183,-0.030620943754911423,-0.028578944504261017,-0.02653694897890091,-0.024494946002960205,-0.022452950477600098,-0.02041095495223999,-0.018368951976299286,-0.01632695645093918,-0.014284953474998474,-0.012242957949638367,-0.01020096242427826,-0.008158959448337555,-0.0061169639229774475,-0.00407496839761734,-0.0020329654216766357,9.03010368347168e-06,0.002051025629043579,0.0040930286049842834,0.006135024130344391,0.008177027106285095,0.010219022631645203,0.01226101815700531,0.014303021132946014,0.016345016658306122,0.018387019634246826,0.020429015159606934,0.02247101068496704,0.024513013660907745,0.026555009186267853,0.02859700471162796,0.030639007687568665,0.03268100321292877,0.03472299873828888,0.036765001714229584,0.03880700469017029,0.040849000215530396,0.0428909957408905]},"grad/global_min":-0.0877968966960907,"_timestamp":1.7773804871765625e+09,"activation/linear_relu_stack.1/activation_min":0,"activation/linear_relu_stack.1/activation_max":1.5746631622314453,"activation/linear_relu_stack.1/activation":{"_type":"histogram","values":[13327,1385,1426,1355,1361,1259,1224,1156,1128,1051,966,876,769,649,599,598,516,448,383,317,295,283,244,200,144,110,110,87,78,73,53,60,44,44,21,22,21,10,11,7,9,8,7,5,4,1,4,2,1,3,2,3,0,0,2,1,2,0,1,0,0,0,1,2],"bins":[0,0.024604111909866333,0.049208223819732666,0.073812335729599,0.09841644763946533,0.12302055954933167,0.147624671459198,0.17222878336906433,0.19683289527893066,0.221437007188797,0.24604111909866333,0.27064523100852966,0.295249342918396,0.31985345482826233,0.34445756673812866,0.369061678647995,0.39366579055786133,0.41826990246772766,0.442874014377594,0.4674781262874603,0.49208223819732666,0.5166863203048706,0.5412904620170593,0.565894603729248,0.590498685836792,0.6151027679443359,0.6397069096565247,0.6643110513687134,0.6889151334762573,0.7135192155838013,0.73812335729599,0.7627274990081787,0.7873315811157227,0.8119356632232666,0.8365398049354553,0.861143946647644,0.885748028755188,0.9103521108627319,0.9349562525749207,0.9595603942871094,0.9841644763946533,1.0087685585021973,1.0333726406097412,1.0579768419265747,1.0825809240341187,1.1071850061416626,1.131789207458496,1.15639328956604,1.180997371673584,1.205601453781128,1.2302055358886719,1.2548097372055054,1.2794138193130493,1.3040179014205933,1.3286221027374268,1.3532261848449707,1.3778302669525146,1.4024343490600586,1.4270384311676025,1.451642632484436,1.47624671459198,1.500850796699524,1.5254549980163574,1.5500590801239014,1.5746631622314453]},"activation/linear_relu_stack.3/activation_min":0,"activation/linear_relu_stack.1/activation_sparsity":0.361785888671875,"activation/linear_relu_stack.3/activation_mean":0.10677526146173477,"grad/global_p90":0.00043238731450401247,"grad/global_mean":-0.00017946895968634635,"activation/linear_relu_stack.3/activation_p99":0.5086423754692078,"activation/linear_relu_stack.3/activation_p90":0.29115673899650574,"grad/global_p99":0.002384582068771124,"activation/linear_relu_stack.3/activation_max":1.042894721031189,"activation/linear_relu_stack.1/activation_mean":0.14811958372592926,"loss/main":1.6910382509231567}