{"_step":0,"_wandb":{"runtime":0},"_runtime":0.195087147,"grad_norm":0.3430275619029999,"_timestamp":1.7767654445262623e+09}