{"_wandb":{"runtime":1},"_runtime":1.025450856,"grad_hist":{"_type":"histogram","values":[1,0,0,0,0,0,0,0,0,0,0,0,0,0,2,0,0,1,0,0,1,2,3,3,7,6,23,28,56,108,175,780,12842,601760,51142,2347,269,88,41,9,6,2,0,0,0,0,0,0,0,0,0,0,0,2,0,0,0,0,0,0,0,1,0,1],"bins":[-0.043347008526325226,-0.04205997660756111,-0.040772944688797,-0.03948591277003288,-0.03819888085126877,-0.036911845207214355,-0.03562481328845024,-0.03433778136968613,-0.03305074945092201,-0.0317637175321579,-0.030476685613393784,-0.02918965183198452,-0.027902619913220406,-0.02661558799445629,-0.025328554213047028,-0.024041522294282913,-0.0227544903755188,-0.021467458456754684,-0.02018042653799057,-0.018893392756581306,-0.017606360837817192,-0.016319328919053078,-0.015032295137643814,-0.0137452632188797,-0.012458231300115585,-0.011171199381351471,-0.009884167462587357,-0.008597135543823242,-0.007310099899768829,-0.006023067981004715,-0.004736036062240601,-0.003449004143476486,-0.002161972224712372,-0.0008749403059482574,0.00041209161281585693,0.0016991235315799713,0.0029861554503440857,0.0042731910943984985,0.005560223013162613,0.006847254931926727,0.008134286850690842,0.009421318769454956,0.01070835068821907,0.011995382606983185,0.013282418251037598,0.014569450169801712,0.015856482088565826,0.01714351400732994,0.018430545926094055,0.019717581570148468,0.021004609763622284,0.022291645407676697,0.023578673601150513,0.024865709245204926,0.02615273743867874,0.027439773082733154,0.028726808726787567,0.030013836920261383,0.031300872564315796,0.03258790075778961,0.033874936401844025,0.03516196459531784,0.03644900023937225,0.03773602843284607,0.03902306407690048]},"_step":100,"loss":2.304900884628296,"_timestamp":1.7767642022250001e+09,"grad_norm":0.35181888937950134}