{"_runtime":0.197008881,"loss":2.3020997047424316,"_timestamp":1.7767639996090946e+09,"grad_norm":0.34094157814979553,"_step":0,"_wandb":{"runtime":0}}