{"grad_p90":0.0004689250490628183,"grad_p99":0.0023474334739148617,"_wandb":{"runtime":49},"grad_mean":-0.00016939443594310433,"_timestamp":1.7768627227006836e+09,"grad_max":0.04728526994585991,"grad_sparsity":0.32900407910346985,"grad_norm":0.9343892335891724,"_runtime":49.94612999,"_step":4689,"grad":{"values":[1,0,0,0,0,0,0,0,0,0,0,0,0,1,1,0,2,1,1,1,3,2,2,6,4,3,10,11,8,14,16,18,23,23,38,48,70,110,257,1387,9319,70056,566503,19361,1489,394,241,148,75,35,14,4,2,1,1,0,1,0,0,0,0,0,0,1],"bins":[-0.09287510812282562,-0.09068509936332703,-0.08849509805440903,-0.08630508929491043,-0.08411508798599243,-0.08192507922649384,-0.07973507046699524,-0.07754506915807724,-0.07535506039857864,-0.07316505908966064,-0.07097505033016205,-0.06878504157066345,-0.06659503281116486,-0.06440503150224686,-0.06221502274274826,-0.06002501770853996,-0.057835012674331665,-0.05564500764012337,-0.05345500260591507,-0.05126499384641647,-0.049074988812208176,-0.04688498377799988,-0.04469497501850128,-0.042504969984292984,-0.040314964950084686,-0.03812495991587639,-0.03593495488166809,-0.033744946122169495,-0.0315549410879612,-0.0293649360537529,-0.027174927294254303,-0.024984925985336304,-0.022794917225837708,-0.02060490846633911,-0.018414907157421112,-0.016224898397922516,-0.014034897089004517,-0.01184488832950592,-0.009654879570007324,-0.007464878261089325,-0.005274869501590729,-0.0030848607420921326,-0.0008948594331741333,0.0012951493263244629,0.003485158085823059,0.005675159394741058,0.007865168154239655,0.010055169463157654,0.01224517822265625,0.014435186982154846,0.016625188291072845,0.01881519705057144,0.02100519835948944,0.023195207118988037,0.025385215878486633,0.027575217187404633,0.02976522594690323,0.031955234706401825,0.034145236015319824,0.03633524477481842,0.03852525353431702,0.04071526229381561,0.042905256152153015,0.04509526491165161,0.04728526994585991],"_type":"histogram"},"grad_std":0.0011291539994999766,"loss":1.6814289093017578,"grad_min":-0.09287510812282562}