{"activation_mean/linear_relu_stack.2":0.07494552433490753,"grad_mean":-0.00016026552475523204,"activation_p90/linear_relu_stack.4":0.6051899790763855,"activation_p99/linear_relu_stack.0":0.759602427482605,"activation_min/linear_relu_stack.4":-2.0385026931762695,"_runtime":52.065448489,"grad_min":-0.09402787685394287,"activation/linear_relu_stack.4":{"bins":[-2.0385026931762695,-1.9632434844970703,-1.887984275817871,-1.8127250671386719,-1.7374658584594727,-1.6622066497802734,-1.5869474411010742,-1.511688232421875,-1.4364290237426758,-1.3611698150634766,-1.2859106063842773,-1.2106513977050781,-1.1353920698165894,-1.0601328611373901,-0.9848736524581909,-0.9096144437789917,-0.8343552350997925,-0.7590960264205933,-0.683836817741394,-0.6085776090621948,-0.5333184003829956,-0.4580591917037964,-0.38279998302459717,-0.30754077434539795,-0.23228144645690918,-0.15702223777770996,-0.08176302909851074,-0.0065038204193115234,0.0687553882598877,0.14401459693908691,0.21927380561828613,0.29453301429748535,0.36979222297668457,0.4450514316558838,0.520310640335083,0.5955698490142822,0.6708290576934814,0.7460882663726807,0.8213474750518799,0.8966066837310791,0.9718658924102783,1.0471251010894775,1.1223843097686768,1.197643518447876,1.2729027271270752,1.3481619358062744,1.4234211444854736,1.4986803531646729,1.5739398002624512,1.6491990089416504,1.7244582176208496,1.7997174263000488,1.874976634979248,1.9502358436584473,2.0254950523376465,2.1007542610168457,2.176013469696045,2.251272678375244,2.3265318870544434,2.4017910957336426,2.477050304412842,2.552309513092041,2.6275687217712402,2.7028279304504395,2.7780871391296387],"_type":"histogram","values":[1,1,1,0,0,0,0,1,1,0,0,1,1,0,7,2,4,10,12,19,18,31,48,36,53,45,38,54,33,35,34,30,25,19,14,15,13,13,3,3,4,4,2,2,0,0,1,1,1,0,0,1,0,0,1,0,0,0,0,0,0,0,1,1]},"loss":1.5932934284210205,"grad_p90":0.0004813135019503534,"activation_sparsity/linear_relu_stack.2":0,"activation_max/linear_relu_stack.4":2.7780871391296387,"activation_sparsity/linear_relu_stack.4":0,"activation_min/linear_relu_stack.2":-0.7472949624061584,"activation_sparsity/linear_relu_stack.0":0,"activation_p90/linear_relu_stack.2":0.31275397539138794,"activation/linear_relu_stack.0":{"bins":[-1.1830036640167236,-1.1386964321136475,-1.0943892002105713,-1.0500819683074951,-1.005774736404419,-0.9614675641059875,-0.9171603322029114,-0.87285315990448,-0.8285459280014038,-0.7842386960983276,-0.7399314641952515,-0.6956242322921753,-0.6513170003890991,-0.607009768486023,-0.5627025961875916,-0.5183953642845154,-0.4740881323814392,-0.42978090047836304,-0.38547366857528687,-0.34116649627685547,-0.2968592643737793,-0.2525520324707031,-0.20824480056762695,-0.16393756866455078,-0.11963033676147461,-0.07532310485839844,-0.031015872955322266,0.013291239738464355,0.05759847164154053,0.1019057035446167,0.14621293544769287,0.19052016735076904,0.23482739925384521,0.2791346311569214,0.32344186305999756,0.36774909496307373,0.4120563268661499,0.4563635587692261,0.5006706714630127,0.5449779033660889,0.589285135269165,0.6335923671722412,0.6778995990753174,0.7222068309783936,0.7665140628814697,0.8108212947845459,0.8551285266876221,0.8994357585906982,0.9437429904937744,0.9880502223968506,1.0323574542999268,1.076664686203003,1.120971918106079,1.1652791500091553,1.2095861434936523,1.2538933753967285,1.2982006072998047,1.3425078392028809,1.386815071105957,1.4311223030090332,1.4754295349121094,1.5197367668151855,1.5640439987182617,1.608351230621338,1.652658462524414],"_type":"histogram","values":[1,0,0,0,2,0,1,1,1,1,5,11,16,19,48,71,154,194,322,472,738,985,1246,1646,1907,2203,2376,2411,2438,2346,2051,1932,1764,1520,1269,1039,808,718,504,401,321,233,161,121,94,56,40,43,12,22,17,7,6,2,3,3,1,1,1,0,1,0,1,1]},"activation_max/linear_relu_stack.2":1.0747517347335815,"activation_std/linear_relu_stack.0":0.24964600801467896,"grad_max":0.045593541115522385,"_step":4689,"grad":{"_type":"histogram","values":[1,0,0,0,0,0,0,0,0,0,0,0,0,1,1,1,0,1,2,2,5,3,4,6,9,3,8,10,11,11,8,18,19,21,42,48,69,87,160,553,2670,17328,146341,490180,10056,1100,380,258,148,87,37,10,2,1,0,2,0,1,0,0,0,0,0,1],"bins":[-0.09402787685394287,-0.0918462947010994,-0.08966470509767532,-0.08748312294483185,-0.08530154079198837,-0.0831199511885643,-0.08093836903572083,-0.07875678688287735,-0.07657519727945328,-0.0743936151266098,-0.07221202552318573,-0.07003044337034225,-0.06784886121749878,-0.06566727161407471,-0.06348568946123123,-0.061304107308387756,-0.05912252143025398,-0.05694093555212021,-0.05475935339927673,-0.05257776752114296,-0.050396181643009186,-0.04821459949016571,-0.04603301361203194,-0.04385142773389816,-0.04166984558105469,-0.039488259702920914,-0.03730667382478714,-0.035125087946653366,-0.03294350579380989,-0.030761919915676117,-0.02858033776283264,-0.02639874815940857,-0.024217166006565094,-0.02203558385372162,-0.019853994250297546,-0.01767241209745407,-0.015490829944610596,-0.013309240341186523,-0.011127658188343048,-0.008946076035499573,-0.0067644864320755005,-0.004582904279232025,-0.00240132212638855,-0.00021973252296447754,0.001961849629878998,0.004143431782722473,0.006325021386146545,0.00850660353899002,0.010688185691833496,0.012869775295257568,0.015051357448101044,0.017232947051525116,0.01941452920436859,0.021596111357212067,0.02377770096063614,0.025959283113479614,0.02814086526632309,0.030322454869747162,0.03250403702259064,0.03468562662601471,0.03686720132827759,0.03904879093170166,0.04123038053512573,0.04341195523738861,0.045593541115522385]},"grad_norm":0.9835557341575623,"activation_p99/linear_relu_stack.4":1.3711800575256348,"activation_mean/linear_relu_stack.4":0.008519877679646015,"activation/linear_relu_stack.2":{"_type":"histogram","values":[2,0,1,3,5,4,7,8,12,22,20,42,56,101,144,226,352,488,620,851,979,1138,1329,1335,1482,1593,1849,1976,2098,1963,1913,1876,1724,1558,1368,1203,957,816,602,475,410,293,227,165,118,89,63,50,38,23,21,15,15,14,7,8,7,2,0,1,2,0,1,1],"bins":[-0.7472949624061584,-0.7188254594802856,-0.6903560161590576,-0.6618865132331848,-0.633417010307312,-0.604947566986084,-0.5764780640602112,-0.5480085611343384,-0.5195391178131104,-0.49106964468955994,-0.4626001715660095,-0.4341306686401367,-0.4056611955165863,-0.3771917223930359,-0.3487222194671631,-0.32025274634361267,-0.29178327322006226,-0.26331380009651184,-0.23484432697296143,-0.20637482404708862,-0.1779053807258606,-0.1494358777999878,-0.12096637487411499,-0.09249693155288696,-0.06402742862701416,-0.03555792570114136,-0.00708848237991333,0.021381020545959473,0.049850523471832275,0.0783199667930603,0.1067894697189331,0.13525891304016113,0.16372841596603394,0.19219791889190674,0.22066736221313477,0.24913686513900757,0.2776063084602356,0.3060758709907532,0.3345453143119812,0.36301475763320923,0.39148420095443726,0.41995376348495483,0.44842320680618286,0.4768926501274109,0.5053622126579285,0.5338316559791565,0.5623010993003845,0.5907706618309021,0.6192401051521301,0.6477095484733582,0.6761791110038757,0.7046485543251038,0.7331179976463318,0.7615875601768494,0.7900570034980774,0.8185264468193054,0.846996009349823,0.875465452671051,0.903934895992279,0.9324043393135071,0.9608739018440247,0.9893433451652527,1.017812728881836,1.0462822914123535,1.0747517347335815]},"grad_std":0.0011911358451470733,"activation_p90/linear_relu_stack.0":0.42999547719955444,"activation_min/linear_relu_stack.0":-1.1830036640167236,"grad_sparsity":0.32252809405326843,"_wandb":{"runtime":52},"_timestamp":1.7768628053596644e+09,"activation_max/linear_relu_stack.0":1.652658462524414,"activation_std/linear_relu_stack.2":0.18913039565086365,"activation_p99/linear_relu_stack.2":0.5428357124328613,"activation_mean/linear_relu_stack.0":0.10257115960121155,"activation_std/linear_relu_stack.4":0.4901888072490692,"grad_p99":0.0025770480278879404}