{"_runtime":52.542403677,"grad/global_hist":{"values":[1,0,0,0,0,0,0,0,0,0,0,0,0,0,0,0,0,0,2,1,2,4,1,3,6,6,7,9,12,8,13,17,20,18,35,58,58,105,273,1297,8907,65436,574046,17085,1392,435,246,114,53,23,5,4,2,0,0,1,0,0,0,0,0,0,0,1],"bins":[-0.09661092609167099,-0.09433286637067795,-0.0920548066496849,-0.08977674692869186,-0.08749868720769882,-0.08522062748670578,-0.08294256776571274,-0.0806645080447197,-0.07838644832372665,-0.07610838860273361,-0.07383032888174057,-0.07155226916074753,-0.06927420943975449,-0.06699614971876144,-0.0647180899977684,-0.06244003027677536,-0.06016197055578232,-0.057883910834789276,-0.055605851113796234,-0.05332779139280319,-0.05104973167181015,-0.04877167195081711,-0.046493612229824066,-0.044215552508831024,-0.04193749278783798,-0.03965943306684494,-0.0373813733458519,-0.035103313624858856,-0.032825253903865814,-0.030547194182872772,-0.02826913446187973,-0.025991074740886688,-0.023713015019893646,-0.021434955298900604,-0.019156895577907562,-0.01687883585691452,-0.014600776135921478,-0.012322716414928436,-0.010044656693935394,-0.007766596972942352,-0.00548853725194931,-0.0032104775309562683,-0.0009324178099632263,0.0013456419110298157,0.0036237016320228577,0.0059017613530159,0.008179821074008942,0.010457880795001984,0.012735940515995026,0.015014000236988068,0.01729205995798111,0.01957011967897415,0.021848179399967194,0.024126239120960236,0.026404298841953278,0.02868235856294632,0.03096041828393936,0.033238478004932404,0.035516537725925446,0.03779459744691849,0.04007265716791153,0.04235071688890457,0.044628776609897614,0.046906836330890656,0.049184903502464294],"_type":"histogram"},"grad/global_p99":0.002342117950320244,"grad/global_p90":0.0004306039772927761,"activation/linear_relu_stack.1/activation_mean":0.14804618060588837,"activation/linear_relu_stack.3/activation_min":0,"activation/linear_relu_stack.1/activation_sparsity":0.36639404296875,"grad/global_std":0.001119837281294167,"_timestamp":1.77738061919421e+09,"activation/linear_relu_stack.3/activation_std":0.12903733551502228,"grad/global_mean":-0.00017278232553508133,"activation/linear_relu_stack.3/activation_p90":0.2877541482448578,"activation/linear_relu_stack.1/activation_max":1.534225344657898,"activation/linear_relu_stack.3/activation_p99":0.5215805172920227,"grad/global_sparsity":0.3251546323299408,"_step":4689,"grad/global_max":0.049184903502464294,"activation/linear_relu_stack.1/activation_std":0.18319201469421387,"activation/linear_relu_stack.3/activation_mean":0.10650897771120071,"activation/linear_relu_stack.1/activation_min":0,"loss/main":1.7062900066375732,"activation/linear_relu_stack.3/activation_sparsity":0.361328125,"activation/linear_relu_stack.3/activation_max":1.3269715309143066,"activation/linear_relu_stack.1/activation_p99":0.7331066131591797,"activation/linear_relu_stack.1/activation_hist":{"values":[13356,1323,1401,1349,1251,1264,1248,1101,1108,999,884,855,767,734,672,566,503,447,415,344,340,238,255,204,185,164,136,112,106,75,67,58,38,42,30,16,25,19,15,4,11,12,2,4,8,1,2,4,2,0,1,1,3,0,0,0,0,0,0,0,0,0,0,1],"bins":[0,0.023972271010279655,0.04794454202055931,0.07191681116819382,0.09588908404111862,0.11986135691404343,0.14383362233638763,0.16780589520931244,0.19177816808223724,0.21575044095516205,0.23972271382808685,0.26369497179985046,0.28766724467277527,0.3116395175457001,0.3356117904186249,0.3595840632915497,0.3835563361644745,0.4075286090373993,0.4315008819103241,0.4554731547832489,0.4794454276561737,0.5034176707267761,0.5273899435997009,0.5513622164726257,0.5753344893455505,0.5993067622184753,0.6232790350914001,0.647251307964325,0.6712235808372498,0.6951958537101746,0.7191681265830994,0.7431403994560242,0.767112672328949,0.7910849452018738,0.8150572180747986,0.8390294909477234,0.8630017638206482,0.886974036693573,0.9109463095664978,0.9349185824394226,0.9588908553123474,0.9828631281852722,1.0068353414535522,1.030807614326477,1.0547798871994019,1.0787521600723267,1.1027244329452515,1.1266967058181763,1.150668978691101,1.1746412515640259,1.1986135244369507,1.2225857973098755,1.2465580701828003,1.270530343055725,1.29450261592865,1.3184748888015747,1.3424471616744995,1.3664194345474243,1.3903917074203491,1.414363980293274,1.4383362531661987,1.4623085260391235,1.4862807989120483,1.5102530717849731,1.534225344657898],"_type":"histogram"},"grad/global_min":-0.09661092609167099,"activation/linear_relu_stack.3/activation_hist":{"_type":"histogram","values":[13358,1575,1579,1602,1523,1400,1433,1292,1205,1114,1076,922,796,703,639,476,389,333,277,188,192,121,95,88,56,59,49,46,29,26,16,26,15,7,5,14,7,2,4,0,3,5,5,4,3,3,1,1,2,1,0,0,0,0,0,0,0,0,1,0,0,1,0,1],"bins":[0,0.02073393017053604,0.04146786034107208,0.062201790511608124,0.08293572068214417,0.1036696508526802,0.12440358102321625,0.14513751864433289,0.16587144136428833,0.18660536408424377,0.2073393017053604,0.22807323932647705,0.2488071620464325,0.26954108476638794,0.29027503728866577,0.3110089600086212,0.33174288272857666,0.3524768054485321,0.37321072816848755,0.3939446806907654,0.4146786034107208,0.43541252613067627,0.4561464786529541,0.47688040137290955,0.497614324092865,0.5183482766151428,0.5390821695327759,0.5598161220550537,0.5805500745773315,0.6012839674949646,0.6220179200172424,0.6427518129348755,0.6634857654571533,0.6842197179794312,0.7049536108970642,0.725687563419342,0.7464214563369751,0.7671554088592529,0.7878893613815308,0.8086232542991638,0.8293572068214417,0.8500911593437195,0.8708250522613525,0.8915590047836304,0.9122929573059082,0.9330268502235413,0.9537608027458191,0.9744946956634521,0.99522864818573,1.0159626007080078,1.0366965532302856,1.057430386543274,1.0781643390655518,1.0988982915878296,1.1196322441101074,1.1403661966323853,1.161100149154663,1.1818339824676514,1.2025679349899292,1.223301887512207,1.2440358400344849,1.2647697925567627,1.285503625869751,1.3062375783920288,1.3269715309143066]},"grad_norm/global":0.9272686243057251,"activation/linear_relu_stack.1/activation_p90":0.4127439260482788,"_wandb":{"runtime":52}}