{"activation/linear_relu_stack.1/activation_p90":0.8623122572898865,"activation/linear_relu_stack.1/activation_hist":{"values":[8975,1453,1479,1475,1353,1442,1331,1270,1231,1130,1050,964,947,862,771,695,686,597,521,524,431,422,372,330,307,247,251,206,195,176,130,147,119,108,78,69,61,67,51,37,30,28,23,23,18,13,10,9,5,8,10,6,6,2,1,2,0,5,6,0,0,1,1,1],"bins":[0,0.03969716280698776,0.07939432561397552,0.11909148842096329,0.15878865122795105,0.1984858214855194,0.23818297684192657,0.27788013219833374,0.3175773024559021,0.35727447271347046,0.3969716429710388,0.4366687834262848,0.47636595368385315,0.5160630941390991,0.5557602643966675,0.5954574346542358,0.6351546049118042,0.6748517751693726,0.7145489454269409,0.7542461156845093,0.7939432859420776,0.8336403965950012,0.8733375668525696,0.9130347371101379,0.9527319073677063,0.9924290776252747,1.0321261882781982,1.0718233585357666,1.111520528793335,1.1512176990509033,1.1909148693084717,1.23061203956604,1.2703092098236084,1.3100063800811768,1.3497035503387451,1.3894007205963135,1.4290978908538818,1.4687950611114502,1.5084922313690186,1.548189401626587,1.5878865718841553,1.627583622932434,1.6672807931900024,1.7069779634475708,1.7466751337051392,1.7863723039627075,1.8260694742202759,1.8657666444778442,1.9054638147354126,1.945160984992981,1.9848581552505493,2.024555206298828,2.0642523765563965,2.103949546813965,2.143646717071533,2.1833438873291016,2.22304105758667,2.2627382278442383,2.3024353981018066,2.342132568359375,2.3818297386169434,2.4215269088745117,2.46122407913208,2.5009212493896484,2.540618419647217],"_type":"histogram"},"_wandb":{"runtime":208},"activation/linear_relu_stack.1/activation_min":0,"activation/linear_relu_stack.3/activation_std":0.47618889808654785,"_step":18759,"activation/linear_relu_stack.1/activation_mean":0.34416958689689636,"grad/global_mean":-1.2071235687471926e-05,"grad/global_p90":0.0011506968876346946,"grad/global_min":-0.03901006281375885,"activation/linear_relu_stack.3/activation_max":3.4168541431427,"activation/linear_relu_stack.1/activation_std":0.3642927408218384,"grad/global_p99":0.004265740979462862,"grad/global_std":0.00162250897847116,"activation/linear_relu_stack.3/activation_sparsity":0.272369384765625,"activation/linear_relu_stack.1/activation_max":2.540618419647217,"activation/linear_relu_stack.3/activation_mean":0.4310019910335541,"activation/linear_relu_stack.3/activation_min":0,"activation/linear_relu_stack.3/activation_hist":{"values":[10143,1326,1385,1417,1375,1309,1292,1301,1180,1119,1070,946,942,860,757,706,617,522,511,482,414,371,336,273,242,235,223,187,172,152,122,108,88,83,63,64,50,47,46,23,30,25,21,26,20,9,19,8,10,8,7,8,2,3,3,3,0,2,0,0,1,1,1,2],"bins":[0,0.05338834598660469,0.10677669197320938,0.16016504168510437,0.21355338394641876,0.26694172620773315,0.32033008337020874,0.37371841073036194,0.4271067678928375,0.4804951250553131,0.5338834524154663,0.5872718095779419,0.6406601667404175,0.6940485239028931,0.7474368214607239,0.8008251786231995,0.854213535785675,0.9076018929481506,0.9609902501106262,1.014378547668457,1.0677669048309326,1.1211552619934082,1.1745436191558838,1.2279319763183594,1.281320333480835,1.3347086906433105,1.3880970478057861,1.4414852857589722,1.4948736429214478,1.5482620000839233,1.601650357246399,1.6550387144088745,1.70842707157135,1.7618154287338257,1.8152037858963013,1.8685921430587769,1.9219805002212524,1.975368857383728,2.028757095336914,2.0821454524993896,2.1355338096618652,2.188922166824341,2.2423105239868164,2.295698881149292,2.3490872383117676,2.402475595474243,2.4558639526367188,2.5092523097991943,2.56264066696167,2.6160290241241455,2.669417381286621,2.7228057384490967,2.7761940956115723,2.829582452774048,2.8829705715179443,2.93635892868042,2.9897472858428955,3.043135643005371,3.0965240001678467,3.1499123573303223,3.203300714492798,3.2566890716552734,3.310077428817749,3.3634657859802246,3.4168541431427],"_type":"histogram"},"_timestamp":1.7773810445985932e+09,"grad_norm/global":1.3278251886367798,"activation/linear_relu_stack.1/activation_sparsity":0.2294921875,"loss/main":0.24639557301998138,"grad/global_hist":{"_type":"histogram","values":[3,1,3,2,8,12,22,27,23,35,42,53,79,82,110,153,351,793,2250,7587,30296,170633,414617,31117,7957,2071,568,179,107,74,52,45,43,28,32,32,29,21,26,20,18,22,9,12,13,7,5,9,4,5,4,3,1,3,4,2,0,0,1,0,0,0,0,1],"bins":[-0.03901006281375885,-0.03723854944109917,-0.03546703979372978,-0.0336955264210701,-0.031924016773700714,-0.03015250340104103,-0.028380993753671646,-0.026609480381011963,-0.024837970733642578,-0.023066457360982895,-0.02129494585096836,-0.019523434340953827,-0.017751922830939293,-0.01598041132092476,-0.014208899810910225,-0.012437388300895691,-0.010665876790881157,-0.008894365280866623,-0.00712285190820694,-0.005351342260837555,-0.0035798288881778717,-0.001808319240808487,-3.680586814880371e-05,0.001734703779220581,0.0035062171518802643,0.005277726799249649,0.007049240171909332,0.008820749819278717,0.0105922631919384,0.012363772839307785,0.014135286211967468,0.015906795859336853,0.017678309231996536,0.01944982260465622,0.021221332252025604,0.022992845624685287,0.02476435899734497,0.026535868644714355,0.02830737829208374,0.030078887939453125,0.03185040503740311,0.03362191468477249,0.035393424332141876,0.03716493397951126,0.03893645107746124,0.04070796072483063,0.04247947037220001,0.0442509800195694,0.04602249711751938,0.04779400676488876,0.04956551641225815,0.05133703351020813,0.053108543157577515,0.0548800528049469,0.056651562452316284,0.058423079550266266,0.06019458919763565,0.061966098845005035,0.06373760849237442,0.0655091255903244,0.06728063523769379,0.06905214488506317,0.07082365453243256,0.07259517163038254,0.07436668127775192]},"activation/linear_relu_stack.1/activation_p99":1.4917800426483154,"grad/global_max":0.07436668127775192,"activation/linear_relu_stack.3/activation_p90":1.0981301069259644,"_runtime":208.218084107,"activation/linear_relu_stack.3/activation_p99":1.9706004858016968,"grad/global_sparsity":0.27571800351142883}