{"_runtime":337.718981364,"test/hist":{"values":[1,0,0,0,0,2,0,1,2,1,2,0,4,5,6,6,7,7,9,11,7,18,18,25,33,37,28,36,30,32,40,36,37,31,50,46,53,31,43,38,35,32,23,22,22,25,13,17,14,11,7,9,9,5,7,5,0,2,3,2,1,1,0,2],"bins":[-3.70754779558684,-3.6008399692178705,-3.4941321428489007,-3.3874243164799314,-3.2807164901109616,-3.174008663741992,-3.067300837373023,-2.960593011004053,-2.8538851846350832,-2.747177358266114,-2.6404695318971445,-2.5337617055281747,-2.4270538791592053,-2.320346052790236,-2.213638226421266,-2.1069304000522964,-2.000222573683327,-1.8935147473143574,-1.7868069209453878,-1.6800990945764185,-1.5733912682074487,-1.4666834418384793,-1.3599756154695095,-1.2532677891005402,-1.1465599627315708,-1.039852136362601,-0.9331443099936316,-0.8264364836246618,-0.7197286572556925,-0.6130208308867227,-0.5063130045177533,-0.3996051781487835,-0.29289735177981413,-0.18618952541084477,-0.07948169904187496,0.027226127327094396,0.1339339536960642,0.24064178006503356,0.3473496064340029,0.4540574328029727,0.5607652591719425,0.6674730855409114,0.7741809119098813,0.8808887382788511,0.9875965646478209,1.0943043910167898,1.2010122173857596,1.3077200437547294,1.4144278701236983,1.521135696492668,1.627843522861638,1.7345513492306077,1.8412591755995766,1.9479670019685464,2.0546748283375162,2.161382654706486,2.268090481075455,2.3747983074444248,2.4815061338133946,2.5882139601823635,2.6949217865513333,2.801629612920303,2.908337439289273,3.015045265658242,3.1217530920272116],"_type":"histogram"},"_timestamp":1.7773813446721506e+09,"_step":4,"_wandb":{"runtime":337}}