{"activation/linear_relu_stack.3/activation_p90":0.2827991247177124,"grad/global":{"values":[1,0,0,0,0,0,0,0,0,0,0,0,0,0,0,0,0,1,1,2,2,0,5,3,3,2,7,7,4,11,14,18,20,15,24,31,43,54,76,146,613,3661,25711,560985,72982,4007,631,304,161,87,38,21,7,3,0,2,0,1,1,0,0,0,0,1],"bins":[-0.09808197617530823,-0.09584533423185349,-0.09360868483781815,-0.0913720428943634,-0.08913539350032806,-0.08689875155687332,-0.08466210961341858,-0.08242546021938324,-0.0801888182759285,-0.07795216888189316,-0.07571552693843842,-0.07347887754440308,-0.07124223560094833,-0.06900559365749359,-0.06676894426345825,-0.06453230232000351,-0.06229565665125847,-0.06005901098251343,-0.05782236531376839,-0.055585723370313644,-0.053349077701568604,-0.05111243203282356,-0.04887578636407852,-0.04663914069533348,-0.04440249502658844,-0.0421658530831337,-0.03992920741438866,-0.037692561745643616,-0.03545591980218887,-0.033219270408153534,-0.03098262846469879,-0.028745979070663452,-0.02650933712720871,-0.024272695183753967,-0.022036045789718628,-0.019799403846263885,-0.017562754452228546,-0.015326112508773804,-0.013089470565319061,-0.010852821171283722,-0.00861617922782898,-0.00637952983379364,-0.004142887890338898,-0.0019062459468841553,0.0003304034471511841,0.0025670453906059265,0.004803694784641266,0.007040336728096008,0.009276986122131348,0.01151362806558609,0.013750270009040833,0.015986919403076172,0.018223561346530914,0.020460210740566254,0.022696852684020996,0.02493349462747574,0.02717013657093048,0.02940678596496582,0.03164343535900116,0.033880069851875305,0.036116719245910645,0.038353368639945984,0.04059001803398132,0.04282665252685547,0.04506329819560051],"_type":"histogram"},"activation/linear_relu_stack.3/activation_max":1.089755892753601,"activation/linear_relu_stack.1/activation_std":0.1849302053451538,"_runtime":52.135240238,"grad/global_std":0.0011131110368296504,"activation/linear_relu_stack.3/activation_mean":0.10570918768644333,"activation/linear_relu_stack.1/activation_max":1.7370152473449707,"loss/main":1.6865108013153076,"grad/global_max":0.04506329819560051,"grad_norm/global":0.9208325743675232,"activation/linear_relu_stack.1/activation_p90":0.4069204330444336,"activation/linear_relu_stack.1/activation_p99":0.7391431927680969,"_step":4689,"activation/linear_relu_stack.1/activation_sparsity":0.38946533203125,"activation/linear_relu_stack.3/activation_std":0.1285208910703659,"grad/global_p99":0.002300667343661189,"activation/linear_relu_stack.1/activation_mean":0.14353163540363312,"_wandb":{"runtime":52},"activation/linear_relu_stack.1/activation_min":0,"activation/linear_relu_stack.3/activation":{"values":[12880,1311,1353,1362,1320,1326,1273,1242,1137,1131,1055,935,830,740,662,604,521,459,390,347,296,214,198,173,169,115,105,91,79,80,50,41,36,31,25,25,23,26,13,14,10,9,11,6,8,8,3,5,2,5,1,1,3,2,1,1,2,1,0,2,1,3,0,1],"bins":[0,0.017027435824275017,0.034054871648550034,0.0510823056101799,0.06810974329710007,0.08513718098402023,0.1021646112203598,0.11919204890727997,0.13621948659420013,0.1532469242811203,0.17027436196804047,0.18730179965496063,0.2043292224407196,0.22135666012763977,0.23838409781455994,0.2554115355014801,0.27243897318840027,0.28946641087532043,0.3064938485622406,0.32352128624916077,0.34054872393608093,0.3575761616230011,0.37460359930992126,0.39163103699684143,0.4086584448814392,0.4256858825683594,0.44271332025527954,0.4597407579421997,0.4767681956291199,0.49379563331604004,0.5108230710029602,0.5278505086898804,0.5448779463768005,0.5619053840637207,0.5789328217506409,0.595960259437561,0.6129876971244812,0.6300151348114014,0.6470425724983215,0.6640700101852417,0.6810974478721619,0.698124885559082,0.7151523232460022,0.7321797609329224,0.7492071986198425,0.7662346363067627,0.7832620739936829,0.800289511680603,0.8173168897628784,0.8343443274497986,0.8513717651367188,0.8683992028236389,0.8854266405105591,0.9024540781974792,0.9194815158843994,0.9365089535713196,0.9535363912582397,0.9705638289451599,0.9875912666320801,1.004618763923645,1.0216461420059204,1.0386736392974854,1.0557010173797607,1.0727285146713257,1.089755892753601],"_type":"histogram"},"activation/linear_relu_stack.3/activation_min":0,"grad/global_sparsity":0.3241347670555115,"_timestamp":1.7773793162408268e+09,"grad/global_p90":0.0004149596206843853,"activation/linear_relu_stack.3/activation_p99":0.5223709940910339,"activation/linear_relu_stack.3/activation_sparsity":0.35479736328125,"grad/global_min":-0.09808197617530823,"grad/global_mean":-0.000164658238645643,"activation/linear_relu_stack.1/activation":{"bins":[0,0.027140863239765167,0.054281726479530334,0.0814225897192955,0.10856345295906067,0.13570430874824524,0.162845179438591,0.18998605012893677,0.21712690591812134,0.2442677617073059,0.2714086174964905,0.29854950308799744,0.325690358877182,0.3528312146663666,0.37997210025787354,0.4071129560470581,0.4342538118362427,0.46139466762542725,0.4885355234146118,0.5156763792037964,0.542817234992981,0.5699581503868103,0.5970990061759949,0.6242398619651794,0.651380717754364,0.6785215735435486,0.7056624293327332,0.7328032851219177,0.7599442005157471,0.7870850563049316,0.8142259120941162,0.8413667678833008,0.8685076236724854,0.8956484794616699,0.9227893352508545,0.9499301910400391,0.9770710468292236,1.0042119026184082,1.0313527584075928,1.0584936141967773,1.085634469985962,1.112775444984436,1.1399163007736206,1.1670571565628052,1.1941980123519897,1.2213388681411743,1.2484797239303589,1.2756205797195435,1.302761435508728,1.3299022912979126,1.3570431470870972,1.3841840028762817,1.4113248586654663,1.4384657144546509,1.4656065702438354,1.49274742603302,1.5198884010314941,1.5470292568206787,1.5741701126098633,1.6013109683990479,1.6284518241882324,1.655592679977417,1.6827335357666016,1.7098743915557861,1.7370152473449707],"_type":"histogram","values":[14253,1506,1516,1415,1363,1252,1247,1163,1027,977,931,823,765,674,582,495,431,387,325,263,239,201,173,123,116,97,78,56,43,46,34,23,23,21,17,14,12,10,4,6,4,3,2,6,7,2,2,2,0,1,1,0,2,0,1,1,0,1,0,1,0,0,0,1]}}