{"_step":4689,"activation/linear_relu_stack.1/activation_p90":0.4249457120895386,"activation/linear_relu_stack.3/activation_std":0.13315676152706146,"activation/linear_relu_stack.1/activation_p99":0.7660239338874817,"_timestamp":1.7773796557902057e+09,"activation/linear_relu_stack.3/activation_p90":0.2982836365699768,"activation/linear_relu_stack.3/activation_sparsity":0.332794189453125,"activation/linear_relu_stack.3/activation_min":0,"grad/global_p90":0.0004782980540767312,"grad/global_p99":0.002442792057991028,"activation/linear_relu_stack.1/activation":{"values":[12937,1269,1274,1298,1242,1153,1161,1098,1034,935,943,838,784,750,666,597,545,492,457,428,380,316,281,265,205,230,162,163,125,100,96,65,72,58,69,44,35,29,39,19,24,14,9,8,10,8,6,6,4,5,6,1,4,1,2,2,1,1,0,0,1,0,0,1],"bins":[0,0.022311775013804436,0.04462355002760887,0.06693532317876816,0.08924710005521774,0.11155887693166733,0.13387064635753632,0.1561824232339859,0.17849420011043549,0.20080597698688507,0.22311775386333466,0.24542953073978424,0.26774129271507263,0.2900530695915222,0.3123648464679718,0.3346766233444214,0.35698840022087097,0.37930017709732056,0.40161195397377014,0.4239237308502197,0.4462355077266693,0.4685472846031189,0.4908590614795685,0.5131708383560181,0.5354825854301453,0.5577943921089172,0.5801061391830444,0.6024179458618164,0.6247296929359436,0.6470414996147156,0.6693532466888428,0.6916650533676147,0.7139768004417419,0.7362885475158691,0.7586003541946411,0.7809121012687683,0.8032239079475403,0.8255356550216675,0.8478474617004395,0.8701592087745667,0.8924710154533386,0.9147827625274658,0.9370945692062378,0.959406316280365,0.981718122959137,1.0040298700332642,1.0263416767120361,1.048653483390808,1.0709651708602905,1.0932769775390625,1.1155887842178345,1.137900471687317,1.1602122783660889,1.1825240850448608,1.2048358917236328,1.2271475791931152,1.2494593858718872,1.2717711925506592,1.2940829992294312,1.3163946866989136,1.3387064933776855,1.3610183000564575,1.3833301067352295,1.405641794204712,1.4279536008834839],"_type":"histogram"},"activation/linear_relu_stack.3/activation_max":1.5148228406906128,"grad/global_sparsity":0.3151024580001831,"activation/linear_relu_stack.1/activation_max":1.4279536008834839,"loss/main":1.6411771774291992,"activation/linear_relu_stack.1/activation_sparsity":0.3541259765625,"grad/global_max":0.04650657996535301,"activation/linear_relu_stack.3/activation_mean":0.1137223094701767,"activation/linear_relu_stack.1/activation_min":0,"_runtime":50.997304044,"activation/linear_relu_stack.1/activation_mean":0.15298989415168762,"activation/linear_relu_stack.3/activation_p99":0.5367101430892944,"grad_norm/global":0.968024730682373,"grad/global_mean":-0.00017038517398759723,"activation/linear_relu_stack.3/activation":{"values":[12635,1769,1855,1859,1800,1717,1714,1428,1328,1109,980,830,716,628,420,395,335,262,216,161,123,98,91,56,54,37,30,20,21,17,9,10,6,8,5,6,4,0,2,3,0,0,3,1,0,0,1,0,0,1,2,0,1,0,0,0,0,1,0,0,0,0,0,1],"bins":[0,0.023669106885790825,0.04733821377158165,0.07100731879472733,0.0946764275431633,0.11834553629159927,0.14201463758945465,0.16568374633789062,0.1893528550863266,0.21302196383476257,0.23669107258319855,0.2603601813316345,0.2840292751789093,0.30769839882850647,0.33136749267578125,0.3550366163253784,0.3787057101726532,0.402374804019928,0.42604392766952515,0.4497130215167999,0.4733821451663971,0.4970512390136719,0.520720362663269,0.5443894863128662,0.5680585503578186,0.5917276740074158,0.6153967976570129,0.6390658617019653,0.6627349853515625,0.6864041090011597,0.7100732326507568,0.7337422966957092,0.7574114203453064,0.7810805439949036,0.804749608039856,0.8284187316894531,0.8520878553390503,0.8757569789886475,0.8994260430335999,0.923095166683197,0.9467642903327942,0.9704333543777466,0.9941024780273438,1.017771601676941,1.041440725326538,1.0651098489761353,1.0887789726257324,1.11244797706604,1.1361171007156372,1.1597862243652344,1.1834553480148315,1.2071244716644287,1.2307935953140259,1.254462718963623,1.2781317234039307,1.3018008470535278,1.325469970703125,1.3491390943527222,1.3728082180023193,1.3964773416519165,1.4201464653015137,1.4438154697418213,1.4674845933914185,1.4911537170410156,1.5148228406906128],"_type":"histogram"},"activation/linear_relu_stack.1/activation_std":0.1880931854248047,"grad/global_std":0.0011705553624778986,"grad/global_min":-0.08822192996740341,"_wandb":{"runtime":50},"grad/global":{"bins":[-0.08822192996740341,-0.08611679822206497,-0.08401166647672653,-0.0819065272808075,-0.07980139553546906,-0.07769626379013062,-0.07559113204479218,-0.07348600029945374,-0.0713808685541153,-0.06927573680877686,-0.06717060506343842,-0.06506546586751938,-0.06296033412218094,-0.0608552023768425,-0.05875007063150406,-0.05664493516087532,-0.05453980341553688,-0.05243467167019844,-0.0503295361995697,-0.04822440445423126,-0.04611927270889282,-0.044014137238264084,-0.041909005492925644,-0.039803873747587204,-0.037698738276958466,-0.035593606531620026,-0.033488474786281586,-0.031383343040943146,-0.029278207570314407,-0.027173075824975967,-0.02506794035434723,-0.02296280860900879,-0.02085767686367035,-0.01875254511833191,-0.01664741337299347,-0.01454228162765503,-0.012437142431735992,-0.010332010686397552,-0.008226878941059113,-0.006121747195720673,-0.004016615450382233,-0.0019114837050437927,0.00019365549087524414,0.002298787236213684,0.004403918981552124,0.006509050726890564,0.008614182472229004,0.010719314217567444,0.01282445341348648,0.01492958515882492,0.01703471690416336,0.0191398486495018,0.02124498039484024,0.02335011214017868,0.02545524388551712,0.027560383081436157,0.029665514826774597,0.03177064657211304,0.03387577831745148,0.03598091006278992,0.038086049258708954,0.040191181004047394,0.042296312749385834,0.044401444494724274,0.04650657996535301],"_type":"histogram","values":[1,0,0,0,0,0,0,0,0,0,0,0,0,0,0,2,3,4,1,5,3,3,7,7,4,5,7,10,21,14,18,26,22,37,50,56,88,203,782,4645,26886,523720,105415,5908,934,371,198,126,68,25,12,4,6,4,2,1,0,1,0,0,0,0,0,1]}}