{"activation/linear_relu_stack.1/activation_sparsity":0.3621826171875,"activation/linear_relu_stack.3/activation_p99":0.5097624063491821,"grad_norm/global":0.9522826671600342,"activation/linear_relu_stack.1/activation_p90":0.4025055468082428,"activation/linear_relu_stack.1/activation_min":0,"activation/linear_relu_stack.1/activation_std":0.18193070590496063,"grad/global_max":0.04437575489282608,"_runtime":52.608551789,"_timestamp":1.777379980741132e+09,"activation/linear_relu_stack.3/activation_sparsity":0.351715087890625,"grad/global_p99":0.002340175909921527,"activation/linear_relu_stack.3/activation_p90":0.29111775755882263,"grad/global_sparsity":0.3209468126296997,"grad/global":{"values":[1,0,0,0,0,0,0,1,0,0,0,0,0,0,0,0,0,1,1,3,1,2,3,5,5,0,8,11,8,10,18,10,19,21,27,37,47,57,93,273,1043,5582,35963,576794,45369,3028,601,326,174,86,43,19,9,3,0,2,0,0,0,1,0,0,0,1],"bins":[-0.09561231732368469,-0.09342500567436218,-0.09123769402503967,-0.08905037492513657,-0.08686306327581406,-0.08467575162649155,-0.08248843252658844,-0.08030112087726593,-0.07811380922794342,-0.07592649757862091,-0.0737391859292984,-0.0715518668293953,-0.06936455518007278,-0.06717724353075027,-0.06498992443084717,-0.06280261278152466,-0.06061530113220215,-0.05842798948287964,-0.05624067410826683,-0.05405335873365402,-0.05186604708433151,-0.049678735435009,-0.047491420060396194,-0.045304104685783386,-0.043116793036460876,-0.04092948138713837,-0.03874216601252556,-0.03655485063791275,-0.03436753898859024,-0.03218022733926773,-0.029992908239364624,-0.027805596590042114,-0.025618284940719604,-0.023430973291397095,-0.021243661642074585,-0.01905634254217148,-0.01686903089284897,-0.014681719243526459,-0.012494400143623352,-0.010307088494300842,-0.008119776844978333,-0.005932465195655823,-0.003745153546333313,-0.0015578344464302063,0.0006294772028923035,0.0028167888522148132,0.00500410795211792,0.00719141960144043,0.00937873125076294,0.01156604290008545,0.013753354549407959,0.015940673649311066,0.018127985298633575,0.020315296947956085,0.022502616047859192,0.0246899276971817,0.02687723934650421,0.02906455099582672,0.03125186264514923,0.03343917429447174,0.035626500844955444,0.037813812494277954,0.040001124143600464,0.042188435792922974,0.04437575489282608],"_type":"histogram"},"loss/main":1.6586463451385498,"grad/global_mean":-0.00017797430336941034,"activation/linear_relu_stack.1/activation_max":1.429216742515564,"grad/global_std":0.001149964053183794,"activation/linear_relu_stack.3/activation_std":0.12850803136825562,"activation/linear_relu_stack.3/activation_max":0.9562041163444519,"_step":4689,"activation/linear_relu_stack.3/activation_mean":0.10918429493904114,"grad/global_p90":0.0004385881475172937,"activation/linear_relu_stack.1/activation":{"bins":[0,0.022331511601805687,0.044663023203611374,0.06699453294277191,0.08932604640722275,0.11165755987167358,0.13398906588554382,0.15632058680057526,0.1786520928144455,0.20098359882831573,0.22331511974334717,0.2456466257572174,0.26797813177108765,0.2903096377849579,0.3126411736011505,0.33497267961502075,0.357304185628891,0.37963569164276123,0.40196719765663147,0.4242987334728241,0.44663023948669434,0.4689617455005646,0.4912932515144348,0.5136247873306274,0.5359562635421753,0.5582877993583679,0.5806192755699158,0.6029508113861084,0.625282347202301,0.6476138234138489,0.6699453592300415,0.6922768354415894,0.714608371257782,0.7369399070739746,0.7592713832855225,0.7816029191017151,0.8039343953132629,0.8262659311294556,0.8485974669456482,0.870928943157196,0.8932604789733887,0.9155919551849365,0.9379234910011292,0.9602550268173218,0.9825865030288696,1.0049179792404175,1.0272495746612549,1.0495810508728027,1.0719125270843506,1.094244122505188,1.1165755987167358,1.1389070749282837,1.1612385511398315,1.183570146560669,1.2059016227722168,1.2282330989837646,1.250564694404602,1.27289617061615,1.2952276468276978,1.3175592422485352,1.339890718460083,1.3622221946716309,1.3845536708831787,1.4068852663040161,1.429216742515564],"_type":"histogram","values":[13161,1324,1314,1322,1226,1252,1201,1129,1030,1022,904,806,772,758,671,606,553,425,410,372,324,270,266,226,190,181,140,137,126,95,86,69,69,36,46,33,26,37,16,26,13,16,6,13,15,7,6,6,4,4,4,4,3,2,2,1,1,1,0,0,0,1,1,1]},"activation/linear_relu_stack.3/activation":{"values":[12600,1082,1133,1102,1096,1102,1096,1096,1058,1097,1010,895,854,812,795,672,637,612,511,454,417,359,316,295,225,209,160,151,153,111,96,91,67,67,65,35,30,24,33,25,15,12,11,10,13,10,6,7,3,4,7,1,6,8,1,3,1,2,2,1,0,0,0,2],"bins":[0,0.014940689317882061,0.029881378635764122,0.04482206702232361,0.059762757271528244,0.07470344752073288,0.08964413404464722,0.10458482801914215,0.11952551454305649,0.13446620106697083,0.14940689504146576,0.1643475890159607,0.17928826808929443,0.19422896206378937,0.2091696560382843,0.22411033511161804,0.23905102908611298,0.2539917230606079,0.26893240213394165,0.2838731110095978,0.2988137900829315,0.31375446915626526,0.3286951780319214,0.3436358571052551,0.35857653617858887,0.373517245054245,0.38845792412757874,0.4033986032009125,0.4183393120765686,0.43327999114990234,0.4482206702232361,0.4631613790988922,0.47810205817222595,0.4930427372455597,0.5079834461212158,0.5229241251945496,0.5378648042678833,0.552805483341217,0.5677462220191956,0.5826869010925293,0.597627580165863,0.6125682592391968,0.6275089383125305,0.6424496173858643,0.6573903560638428,0.6723310351371765,0.6872717142105103,0.702212393283844,0.7171530723571777,0.7320937514305115,0.74703449010849,0.7619751691818237,0.7769158482551575,0.7918565273284912,0.806797206401825,0.8217378854751587,0.8366786241531372,0.851619303226471,0.8665599822998047,0.8815006613731384,0.8964413404464722,0.9113820195198059,0.9263227581977844,0.9412634372711182,0.9562041163444519],"_type":"histogram"},"grad/global_min":-0.09561231732368469,"_wandb":{"runtime":52},"activation/linear_relu_stack.1/activation_p99":0.738642692565918,"activation/linear_relu_stack.3/activation_min":0,"activation/linear_relu_stack.1/activation_mean":0.14564260840415955}